participant_id,target_recording,snapshot_commit,snapshot_version,annex_bytes,annex_digest,bids_duration_s,edf_actual_duration_s,edf_data_records,edf_record_duration_s,edf_header_bytes,edf_reserved,edf_continuous,edf_signal_count,bids_sampling_hz,edf_eeg_sampling_hz,reference,bids_eeg_channel_count,channels_tsv_count,has_O1,has_Oz,has_O2,required_posterior_channels,event_count,event_class,initial_boundary_at_1s,usb_disconnect_annotation,other_task_markers,duration_ge_180s,structurally_eligible,structural_exclusion_reason,qc_status,qc_eligible,qc_assessed,qc_eligible_window_count,qc_eligible_mask,qc_window_reasons,C_valid_draws,F5_valid_draws,F10_valid_draws,complete_support_sensitivity,final_eligible,final_exclusion_reason
sub-001,sub-001/ses-1/eeg/sub-001_ses-1_task-EyesClosed_acq-pre_eeg.edf,6a558cd5852503e66df9ac7fdac2f3a7f4ed5f12,1.0.3,23936896,a9ef4f8bcc7b3fff6568b7a441e14230ec287faa23212713e32f37bf8a8710a7,184,184.0,184,1.0,16896,,True,65,1000,1000.0,FCz,64,64,True,True,True,True,1,ONLY-INITIAL-BOUNDARY,True,False,False,True,True,,ASSESSED-TIME-DOMAIN-ONLY,True,True,42,111111111111111111111111111111111111111111,,200,200,200,True,True,
sub-002,sub-002/ses-1/eeg/sub-002_ses-1_task-EyesClosed_acq-pre_eeg.edf,6a558cd5852503e66df9ac7fdac2f3a7f4ed5f12,1.0.3,23936896,f405d164eac90cb20e02879d8e2e7721639fc607009822cf3d7738c1ebb673d9,184,184.0,184,1.0,16896,,True,65,1000,1000.0,FCz,64,64,True,True,True,True,1,ONLY-INITIAL-BOUNDARY,True,False,False,True,True,,ASSESSED-TIME-DOMAIN-ONLY,True,True,42,111111111111111111111111111111111111111111,,200,200,200,True,True,
sub-003,sub-003/ses-1/eeg/sub-003_ses-1_task-EyesClosed_acq-pre_eeg.edf,6a558cd5852503e66df9ac7fdac2f3a7f4ed5f12,1.0.3,28356896,e01cdbab2eb421e0afe7098e35a5a1a7814c2871bd52b9060b483ce535eaeb0b,218,218.0,218,1.0,16896,,True,65,1000,1000.0,FCz,64,64,True,True,True,True,1,ONLY-INITIAL-BOUNDARY,True,False,False,True,True,,ASSESSED-TIME-DOMAIN-ONLY,True,True,42,111111111111111111111111111111111111111111,,200,200,200,True,True,
sub-004,sub-004/ses-1/eeg/sub-004_ses-1_task-EyesClosed_acq-pre_eeg.edf,6a558cd5852503e66df9ac7fdac2f3a7f4ed5f12,1.0.3,23936896,07631abc8550172b1ed60c4cfbe4d97e63d7f68e8b0c77049880989ab76382fd,183,184.0,184,1.0,16896,,True,65,1000,1000.0,FCz,64,64,True,True,True,True,1,ONLY-INITIAL-BOUNDARY,True,False,False,True,True,,ASSESSED-TIME-DOMAIN-ONLY,True,True,42,111111111111111111111111111111111111111111,,200,200,200,True,True,
sub-005,sub-005/ses-1/eeg/sub-005_ses-1_task-EyesClosed_acq-pre_eeg.edf,6a558cd5852503e66df9ac7fdac2f3a7f4ed5f12,1.0.3,23936896,5fe54876bc1e6b0157fe1b20f7c1ed9e737aba7babc76f902ae068239746004b,183,184.0,184,1.0,16896,,True,65,1000,1000.0,FCz,64,64,True,True,True,True,1,ONLY-INITIAL-BOUNDARY,True,False,False,True,True,,ASSESSED-TIME-DOMAIN-ONLY,True,True,42,111111111111111111111111111111111111111111,,200,200,200,True,True,
sub-006,sub-006/ses-1/eeg/sub-006_ses-1_task-EyesClosed_acq-pre_eeg.edf,6a558cd5852503e66df9ac7fdac2f3a7f4ed5f12,1.0.3,23806896,6765904b1a0e3019307f2b56b84f9e39460775671be766065e30e6f228a22b41,183,183.0,183,1.0,16896,,True,65,1000,1000.0,FCz,64,64,True,True,True,True,1,ONLY-INITIAL-BOUNDARY,True,False,False,True,True,,ASSESSED-TIME-DOMAIN-ONLY,True,True,42,111111111111111111111111111111111111111111,,200,200,200,True,True,
sub-007,sub-007/ses-1/eeg/sub-007_ses-1_task-EyesClosed_acq-pre_eeg.edf,6a558cd5852503e66df9ac7fdac2f3a7f4ed5f12,1.0.3,24456896,d4a4d648bbfa53d290c022da71756de4e6a5b259fc3d4207081e37aa3ea39b0a,188,188.0,188,1.0,16896,,True,65,1000,1000.0,FCz,64,64,True,True,True,True,1,ONLY-INITIAL-BOUNDARY,True,False,False,True,True,,ASSESSED-TIME-DOMAIN-ONLY,True,True,42,111111111111111111111111111111111111111111,,200,200,200,True,True,
sub-008,sub-008/ses-1/eeg/sub-008_ses-1_task-EyesClosed_acq-pre_eeg.edf,6a558cd5852503e66df9ac7fdac2f3a7f4ed5f12,1.0.3,24066896,bb436a15087862d1502c3fc6a6a66aba82fd023a8ae0378b1a327d782b501b6e,185,185.0,185,1.0,16896,,True,65,1000,1000.0,FCz,64,64,True,True,True,True,940,OTHER-TASK-MARKERS,True,False,True,True,False,other_task_markers,NOT-ASSESSED-STRUCTURAL-FAIL,False,False,,,,,,,False,False,other_task_markers
sub-009,sub-009/ses-1/eeg/sub-009_ses-1_task-EyesClosed_acq-pre_eeg.edf,6a558cd5852503e66df9ac7fdac2f3a7f4ed5f12,1.0.3,29396896,82ba1a32e4815d2b2d9fadfb687790e47e595a882d4717a4d24c3b16957ac81b,225,226.0,226,1.0,16896,,True,65,1000,1000.0,FCz,64,64,True,True,True,True,1147,OTHER-TASK-MARKERS,True,False,True,True,False,other_task_markers,NOT-ASSESSED-STRUCTURAL-FAIL,False,False,,,,,,,False,False,other_task_markers
sub-010,sub-010/ses-1/eeg/sub-010_ses-1_task-EyesClosed_acq-pre_eeg.edf,6a558cd5852503e66df9ac7fdac2f3a7f4ed5f12,1.0.3,24066896,5c35b69bd20fc7e9998892617899cdd716d4e93086f7a53373412e1c8e51e2de,184,185.0,185,1.0,16896,,True,65,1000,1000.0,FCz,64,64,True,True,True,True,1,ONLY-INITIAL-BOUNDARY,True,False,False,True,True,,ASSESSED-TIME-DOMAIN-ONLY,True,True,42,111111111111111111111111111111111111111111,,200,200,200,True,True,
sub-011,sub-011/ses-1/eeg/sub-011_ses-1_task-EyesClosed_acq-pre_eeg.edf,6a558cd5852503e66df9ac7fdac2f3a7f4ed5f12,1.0.3,23676896,a5c24264ff049e25d03732d14b15333a769f436714a1608b50a1bf76c61ab2e7,182,182.0,182,1.0,16896,,True,65,1000,1000.0,FCz,64,64,True,True,True,True,1,ONLY-INITIAL-BOUNDARY,True,False,False,True,True,,ASSESSED-TIME-DOMAIN-ONLY,True,True,42,111111111111111111111111111111111111111111,,200,200,200,True,True,
sub-012,sub-012/ses-1/eeg/sub-012_ses-1_task-EyesClosed_acq-pre_eeg.edf,6a558cd5852503e66df9ac7fdac2f3a7f4ed5f12,1.0.3,24456896,19439e3de32432ec007be44d641cc7cf37793e1143bca399797c80a88be58d57,187,188.0,188,1.0,16896,,True,65,1000,1000.0,FCz,64,64,True,True,True,True,1,ONLY-INITIAL-BOUNDARY,True,False,False,True,True,,ASSESSED-TIME-DOMAIN-ONLY,True,True,42,111111111111111111111111111111111111111111,,200,200,200,True,True,
sub-013,sub-013/ses-1/eeg/sub-013_ses-1_task-EyesClosed_acq-pre_eeg.edf,6a558cd5852503e66df9ac7fdac2f3a7f4ed5f12,1.0.3,24196896,5e35c6ef99826514f3660c310550c96288f2a3b3d9cf37600a7c35f25c4c66fd,185,186.0,186,1.0,16896,,True,65,1000,1000.0,FCz,64,64,True,True,True,True,943,OTHER-TASK-MARKERS,True,False,True,True,False,other_task_markers,NOT-ASSESSED-STRUCTURAL-FAIL,False,False,,,,,,,False,False,other_task_markers
sub-014,sub-014/ses-1/eeg/sub-014_ses-1_task-EyesClosed_acq-pre_eeg.edf,6a558cd5852503e66df9ac7fdac2f3a7f4ed5f12,1.0.3,23806896,1f5c2ae701d359fcb6c90c5512e9458ae974b9261dcf82b00dfda713e22256ee,183,183.0,183,1.0,16896,,True,65,1000,1000.0,FCz,64,64,True,True,True,True,1,ONLY-INITIAL-BOUNDARY,True,False,False,True,True,,ASSESSED-TIME-DOMAIN-ONLY,True,True,42,111111111111111111111111111111111111111111,,200,200,200,True,True,
sub-015,sub-015/ses-1/eeg/sub-015_ses-1_task-EyesClosed_acq-pre_eeg.edf,6a558cd5852503e66df9ac7fdac2f3a7f4ed5f12,1.0.3,24196896,250fb35fc7e5b05b8ffa373caf86b6614a413568a86e034090153f6dfdd0c4e5,185,186.0,186,1.0,16896,,True,65,1000,1000.0,FCz,64,64,True,True,True,True,1,ONLY-INITIAL-BOUNDARY,True,False,False,True,True,,ASSESSED-TIME-DOMAIN-ONLY,True,True,42,111111111111111111111111111111111111111111,,200,200,200,True,True,
sub-016,sub-016/ses-1/eeg/sub-016_ses-1_task-EyesClosed_acq-pre_eeg.edf,6a558cd5852503e66df9ac7fdac2f3a7f4ed5f12,1.0.3,28096896,171379a773df03796f269d346842e091e929e22b6361dc24aa44bed9b6e7c228,215,216.0,216,1.0,16896,,True,65,1000,1000.0,FCz,64,64,True,True,True,True,1,ONLY-INITIAL-BOUNDARY,True,False,False,True,True,,ASSESSED-TIME-DOMAIN-ONLY,True,True,42,111111111111111111111111111111111111111111,,200,200,200,True,True,
sub-017,sub-017/ses-1/eeg/sub-017_ses-1_task-EyesClosed_acq-pre_eeg.edf,6a558cd5852503e66df9ac7fdac2f3a7f4ed5f12,1.0.3,23676896,240177c7c4c485866b0263f7ba2e2375b017a9e6ba3995ceab2ef71ed5499f57,181,182.0,182,1.0,16896,,True,65,1000,1000.0,FCz,64,64,True,True,True,True,1,ONLY-INITIAL-BOUNDARY,True,False,False,True,True,,ASSESSED-TIME-DOMAIN-ONLY,True,True,42,111111111111111111111111111111111111111111,,200,200,200,True,True,
sub-018,sub-018/ses-1/eeg/sub-018_ses-1_task-EyesClosed_acq-pre_eeg.edf,6a558cd5852503e66df9ac7fdac2f3a7f4ed5f12,1.0.3,23806896,45a81097d39792f2b22c136a1a2da1d9a8a8600b23ac504132124909ad72ea19,182,183.0,183,1.0,16896,,True,65,1000,1000.0,FCz,64,64,True,True,True,True,1,ONLY-INITIAL-BOUNDARY,True,False,False,True,True,,ASSESSED-TIME-DOMAIN-ONLY,True,True,42,111111111111111111111111111111111111111111,,200,200,200,True,True,
sub-019,sub-019/ses-1/eeg/sub-019_ses-1_task-EyesClosed_acq-pre_eeg.edf,6a558cd5852503e66df9ac7fdac2f3a7f4ed5f12,1.0.3,23676896,6ba3b7d99f2a302d4b847dc10504589a55d6827095ba48e90c970bc9c70efda1,181,182.0,182,1.0,16896,,True,65,1000,1000.0,FCz,64,64,True,True,True,True,1,ONLY-INITIAL-BOUNDARY,True,False,False,True,True,,ASSESSED-TIME-DOMAIN-ONLY,True,True,42,111111111111111111111111111111111111111111,,200,200,200,True,True,
sub-020,sub-020/ses-1/eeg/sub-020_ses-1_task-EyesClosed_acq-pre_eeg.edf,6a558cd5852503e66df9ac7fdac2f3a7f4ed5f12,1.0.3,24716896,8953c168fa037b6420689a2e9a0364fbd7b9cb866a2bc99f916e55c4618773c7,190,190.0,190,1.0,16896,,True,65,1000,1000.0,FCz,64,64,True,True,True,True,1,ONLY-INITIAL-BOUNDARY,True,False,False,True,True,,ASSESSED-TIME-DOMAIN-ONLY,True,True,42,111111111111111111111111111111111111111111,,200,200,200,True,True,
sub-021,sub-021/ses-1/eeg/sub-021_ses-1_task-EyesClosed_acq-pre_eeg.edf,6a558cd5852503e66df9ac7fdac2f3a7f4ed5f12,1.0.3,23806896,9cc51d77041b82d8a5a35735bd31af5a9f08d62b7007e35db85927c4f63d0b03,182,183.0,183,1.0,16896,,True,65,1000,1000.0,FCz,64,64,True,True,True,True,1,ONLY-INITIAL-BOUNDARY,True,False,False,True,True,,ASSESSED-TIME-DOMAIN-ONLY,True,True,42,111111111111111111111111111111111111111111,,200,200,200,True,True,
sub-022,sub-022/ses-1/eeg/sub-022_ses-1_task-EyesClosed_acq-pre_eeg.edf,6a558cd5852503e66df9ac7fdac2f3a7f4ed5f12,1.0.3,23676896,c40f48655f033ad3efa0c2beb9a723a093acddc21aec5a3014c4791ebbbd9cf5,181,182.0,182,1.0,16896,,True,65,1000,1000.0,FCz,64,64,True,True,True,True,1,ONLY-INITIAL-BOUNDARY,True,False,False,True,True,,ASSESSED-TIME-DOMAIN-ONLY,True,True,42,111111111111111111111111111111111111111111,,200,200,200,True,True,
sub-023,sub-023/ses-1/eeg/sub-023_ses-1_task-EyesClosed_acq-pre_eeg.edf,6a558cd5852503e66df9ac7fdac2f3a7f4ed5f12,1.0.3,24846896,75f0990fc78d9dd44fe196938eaecde9f599feff276557503959cbee61422c06,190,191.0,191,1.0,16896,,True,65,1000,1000.0,FCz,64,64,True,True,True,True,1,ONLY-INITIAL-BOUNDARY,True,False,False,True,True,,ASSESSED-TIME-DOMAIN-ONLY,True,True,42,111111111111111111111111111111111111111111,,200,200,200,True,True,
sub-024,sub-024/ses-1/eeg/sub-024_ses-1_task-EyesClosed_acq-pre_eeg.edf,6a558cd5852503e66df9ac7fdac2f3a7f4ed5f12,1.0.3,23676896,c40f4da74356f0c8f1781b79cb7e63c7753957d7842bc9733ef1ac6afdc11c0c,182,182.0,182,1.0,16896,,True,65,1000,1000.0,FCz,64,64,True,True,True,True,1,ONLY-INITIAL-BOUNDARY,True,False,False,True,True,,ASSESSED-TIME-DOMAIN-ONLY,True,True,42,111111111111111111111111111111111111111111,,200,200,200,True,True,
sub-025,sub-025/ses-1/eeg/sub-025_ses-1_task-EyesClosed_acq-pre_eeg.edf,6a558cd5852503e66df9ac7fdac2f3a7f4ed5f12,1.0.3,25366896,9757dc303df0fc11027789e5fc95887b7257685f3cae1e92afaf6a4ff9c152c1,194,195.0,195,1.0,16896,,True,65,1000,1000.0,FCz,64,64,True,True,True,True,1,ONLY-INITIAL-BOUNDARY,True,False,False,True,True,,ASSESSED-TIME-DOMAIN-ONLY,True,True,42,111111111111111111111111111111111111111111,,200,200,200,True,True,
sub-026,sub-026/ses-1/eeg/sub-026_ses-1_task-EyesClosed_acq-pre_eeg.edf,6a558cd5852503e66df9ac7fdac2f3a7f4ed5f12,1.0.3,24456896,216386f0d2468ad2f7b624515fb1bcc84a7270b82e8527bc67850af1aa11784e,188,188.0,188,1.0,16896,,True,65,1000,1000.0,FCz,64,64,True,True,True,True,1,ONLY-INITIAL-BOUNDARY,True,False,False,True,True,,ASSESSED-TIME-DOMAIN-ONLY,False,True,19,111111111111111110001000000000000000100000,17:centered_abs_gt_500uV;18:centered_abs_gt_500uV|p2p_gt_1000uV;19:centered_abs_gt_500uV;21:centered_abs_gt_500uV;22:centered_abs_gt_500uV|p2p_gt_1000uV;23:centered_abs_gt_500uV|p2p_gt_1000uV;24:centered_abs_gt_500uV|p2p_gt_1000uV;25:centered_abs_gt_500uV|p2p_gt_1000uV;26:centered_abs_gt_500uV|p2p_gt_1000uV;27:centered_abs_gt_500uV|p2p_gt_1000uV;28:centered_abs_gt_500uV|p2p_gt_1000uV;29:centered_abs_gt_500uV|p2p_gt_1000uV;30:centered_abs_gt_500uV|p2p_gt_1000uV;31:centered_abs_gt_500uV|p2p_gt_1000uV;32:centered_abs_gt_500uV|p2p_gt_1000uV;33:centered_abs_gt_500uV|p2p_gt_1000uV;34:centered_abs_gt_500uV|p2p_gt_1000uV;35:centered_abs_gt_500uV|p2p_gt_1000uV;37:centered_abs_gt_500uV;38:centered_abs_gt_500uV|p2p_gt_1000uV;39:centered_abs_gt_500uV|p2p_gt_1000uV;40:centered_abs_gt_500uV|p2p_gt_1000uV;41:centered_abs_gt_500uV|p2p_gt_1000uV,0,0,0,False,False,insufficient_legal_draw_support
sub-027,sub-027/ses-1/eeg/sub-027_ses-1_task-EyesClosed_acq-pre_eeg.edf,6a558cd5852503e66df9ac7fdac2f3a7f4ed5f12,1.0.3,23806896,ac6a98f50bfd56f229340ab2b9d451d982b959f466d90c15e9ab2e9db82b1246,182,183.0,183,1.0,16896,,True,65,1000,1000.0,FCz,64,64,True,True,True,True,21,OTHER-TASK-MARKERS,True,False,True,True,False,other_task_markers,NOT-ASSESSED-STRUCTURAL-FAIL,False,False,,,,,,,False,False,other_task_markers
sub-028,sub-028/ses-1/eeg/sub-028_ses-1_task-EyesClosed_acq-pre_eeg.edf,6a558cd5852503e66df9ac7fdac2f3a7f4ed5f12,1.0.3,24976896,f66d2c4cefe1ea15e6820c997a2534bf9129d30194102995aa6d722a04acfdbb,191,192.0,192,1.0,16896,,True,65,1000,1000.0,FCz,64,64,True,True,True,True,1,ONLY-INITIAL-BOUNDARY,True,False,False,True,True,,ASSESSED-TIME-DOMAIN-ONLY,True,True,42,111111111111111111111111111111111111111111,,200,200,200,True,True,
sub-029,sub-029/ses-1/eeg/sub-029_ses-1_task-EyesClosed_acq-pre_eeg.edf,6a558cd5852503e66df9ac7fdac2f3a7f4ed5f12,1.0.3,23806896,07e6a2fee5d761770cbd5d66c25b595e7e79fdae4fd314dfd1c3dc03e3e81e42,183,183.0,183,1.0,16896,,True,65,1000,1000.0,FCz,64,64,True,True,True,True,1,ONLY-INITIAL-BOUNDARY,True,False,False,True,True,,ASSESSED-TIME-DOMAIN-ONLY,True,True,42,111111111111111111111111111111111111111111,,200,200,200,True,True,
sub-030,sub-030/ses-1/eeg/sub-030_ses-1_task-EyesClosed_acq-pre_eeg.edf,6a558cd5852503e66df9ac7fdac2f3a7f4ed5f12,1.0.3,24196896,fd350c7d9be1355fdc84bef1253467e3b306797341fa4a9af6aeba2bbf241e37,186,186.0,186,1.0,16896,,True,65,1000,1000.0,FCz,64,64,True,True,True,True,1,ONLY-INITIAL-BOUNDARY,True,False,False,True,True,,ASSESSED-TIME-DOMAIN-ONLY,True,True,42,111111111111111111111111111111111111111111,,200,200,200,True,True,
sub-031,sub-031/ses-1/eeg/sub-031_ses-1_task-EyesClosed_acq-pre_eeg.edf,6a558cd5852503e66df9ac7fdac2f3a7f4ed5f12,1.0.3,23676896,fd7b1ca7c709c866defa317699b5920dd9541cad897f4387141d6e10c04d5d94,181,182.0,182,1.0,16896,,True,65,1000,1000.0,FCz,64,64,True,True,True,True,1,ONLY-INITIAL-BOUNDARY,True,False,False,True,True,,ASSESSED-TIME-DOMAIN-ONLY,True,True,41,111111111111111111111111011111111111111111,24:centered_abs_gt_500uV,200,200,200,False,True,
sub-032,sub-032/ses-1/eeg/sub-032_ses-1_task-EyesClosed_acq-pre_eeg.edf,6a558cd5852503e66df9ac7fdac2f3a7f4ed5f12,1.0.3,23936896,2d3982b0491c6fb0eecc0372a13d5277c30bd1f128dc4751cccc5aa48e61f614,183,184.0,184,1.0,16896,,True,65,1000,1000.0,FCz,64,64,True,True,True,True,1,ONLY-INITIAL-BOUNDARY,True,False,False,True,True,,ASSESSED-TIME-DOMAIN-ONLY,True,True,42,111111111111111111111111111111111111111111,,200,200,200,True,True,
sub-033,sub-033/ses-1/eeg/sub-033_ses-1_task-EyesClosed_acq-pre_eeg.edf,6a558cd5852503e66df9ac7fdac2f3a7f4ed5f12,1.0.3,24066896,40fbee796b5bd9154eddde4d3e2905dbbfab929fcef0fc9cfb22576a9a5ab42f,184,185.0,185,1.0,16896,,True,65,1000,1000.0,FCz,64,64,True,True,True,True,1,ONLY-INITIAL-BOUNDARY,True,False,False,True,True,,ASSESSED-TIME-DOMAIN-ONLY,True,True,42,111111111111111111111111111111111111111111,,200,200,200,True,True,
sub-034,sub-034/ses-1/eeg/sub-034_ses-1_task-EyesClosed_acq-pre_eeg.edf,6a558cd5852503e66df9ac7fdac2f3a7f4ed5f12,1.0.3,23806896,d95688d48e31dd7b4987870055b8575a4ed8a19f871aeb11a579ad163098ec44,182,183.0,183,1.0,16896,,True,65,1000,1000.0,FCz,64,64,True,True,True,True,1,ONLY-INITIAL-BOUNDARY,True,False,False,True,True,,ASSESSED-TIME-DOMAIN-ONLY,True,True,42,111111111111111111111111111111111111111111,,200,200,200,True,True,
sub-035,sub-035/ses-1/eeg/sub-035_ses-1_task-EyesClosed_acq-pre_eeg.edf,6a558cd5852503e66df9ac7fdac2f3a7f4ed5f12,1.0.3,23806896,6024de78e2a5620a8f49ee544cbedd73639c8deb0afc1d1560353638b434cf98,183,183.0,183,1.0,16896,,True,65,1000,1000.0,FCz,64,64,True,True,True,True,1,ONLY-INITIAL-BOUNDARY,True,False,False,True,True,,ASSESSED-TIME-DOMAIN-ONLY,True,True,42,111111111111111111111111111111111111111111,,200,200,200,True,True,
sub-036,sub-036/ses-1/eeg/sub-036_ses-1_task-EyesClosed_acq-pre_eeg.edf,6a558cd5852503e66df9ac7fdac2f3a7f4ed5f12,1.0.3,23676896,fb88f6e60841b24cd3d3957ce486003dbb6a393f473410ba39be5d57a27f074a,181,182.0,182,1.0,16896,,True,65,1000,1000.0,FCz,64,64,True,True,True,True,1,ONLY-INITIAL-BOUNDARY,True,False,False,True,True,,ASSESSED-TIME-DOMAIN-ONLY,True,True,42,111111111111111111111111111111111111111111,,200,200,200,True,True,
sub-037,sub-037/ses-1/eeg/sub-037_ses-1_task-EyesClosed_acq-pre_eeg.edf,6a558cd5852503e66df9ac7fdac2f3a7f4ed5f12,1.0.3,24716896,ee20795ea3d8dc62a800b3af3856a9aa2db429b553235eb54114550de3f6fa81,189,190.0,190,1.0,16896,,True,65,1000,1000.0,FCz,64,64,True,True,True,True,451,OTHER-TASK-MARKERS,True,False,True,True,False,other_task_markers,NOT-ASSESSED-STRUCTURAL-FAIL,False,False,,,,,,,False,False,other_task_markers
sub-038,sub-038/ses-1/eeg/sub-038_ses-1_task-EyesClosed_acq-pre_eeg.edf,6a558cd5852503e66df9ac7fdac2f3a7f4ed5f12,1.0.3,23676896,99ddf430737e366c6e9cd37e315ada457908e685eb09e3a1c26307d2985d3a56,181,182.0,182,1.0,16896,,True,65,1000,1000.0,FCz,64,64,True,True,True,True,2,USB-DISCONNECT-ANNOTATION,True,True,False,True,False,usb_disconnect_annotation,NOT-ASSESSED-STRUCTURAL-FAIL,False,False,,,,,,,False,False,usb_disconnect_annotation
sub-039,sub-039/ses-1/eeg/sub-039_ses-1_task-EyesClosed_acq-pre_eeg.edf,6a558cd5852503e66df9ac7fdac2f3a7f4ed5f12,1.0.3,23806896,6d2be5bc10e3d983c8174888918b02f13c596f3b00254900f8f775c2a8061013,182,183.0,183,1.0,16896,,True,65,1000,1000.0,FCz,64,64,True,True,True,True,1,ONLY-INITIAL-BOUNDARY,True,False,False,True,True,,ASSESSED-TIME-DOMAIN-ONLY,True,True,42,111111111111111111111111111111111111111111,,200,200,200,True,True,
sub-040,sub-040/ses-1/eeg/sub-040_ses-1_task-EyesClosed_acq-pre_eeg.edf,6a558cd5852503e66df9ac7fdac2f3a7f4ed5f12,1.0.3,25496896,ea12ba771b7bfae3b741f6e71fe4be35a39a3aec7f86ee703b63979600d59a4a,196,196.0,196,1.0,16896,,True,65,1000,1000.0,FCz,64,64,True,True,True,True,1,ONLY-INITIAL-BOUNDARY,True,False,False,True,True,,ASSESSED-TIME-DOMAIN-ONLY,True,True,42,111111111111111111111111111111111111111111,,200,200,200,True,True,
sub-041,sub-041/ses-1/eeg/sub-041_ses-1_task-EyesClosed_acq-pre_eeg.edf,6a558cd5852503e66df9ac7fdac2f3a7f4ed5f12,1.0.3,23806896,f45bb7641ff66dff2b9411928ce24cb74395f77aebbc8674fffbe9d9acce1ab5,183,183.0,183,1.0,16896,,True,65,1000,1000.0,FCz,64,64,True,True,True,True,1,ONLY-INITIAL-BOUNDARY,True,False,False,True,True,,ASSESSED-TIME-DOMAIN-ONLY,True,True,42,111111111111111111111111111111111111111111,,200,200,200,True,True,
sub-042,sub-042/ses-1/eeg/sub-042_ses-1_task-EyesClosed_acq-pre_eeg.edf,6a558cd5852503e66df9ac7fdac2f3a7f4ed5f12,1.0.3,24456896,6bd558c3b1ce033b5bb4f0bfaac18d58ff5300ab4fa8853cb71eb9d8b6bc7791,188,188.0,188,1.0,16896,,True,65,1000,1000.0,FCz,64,64,True,True,True,True,1,ONLY-INITIAL-BOUNDARY,True,False,False,True,True,,ASSESSED-TIME-DOMAIN-ONLY,True,True,42,111111111111111111111111111111111111111111,,200,200,200,True,True,
sub-043,sub-043/ses-1/eeg/sub-043_ses-1_task-EyesClosed_acq-pre_eeg.edf,6a558cd5852503e66df9ac7fdac2f3a7f4ed5f12,1.0.3,23676896,59f2cfa8530486c55db180bc2386d0bbf67b627d537a1d22dbdb5ac671f7587a,181,182.0,182,1.0,16896,,True,65,1000,1000.0,FCz,64,64,True,True,True,True,1,ONLY-INITIAL-BOUNDARY,True,False,False,True,True,,ASSESSED-TIME-DOMAIN-ONLY,True,True,42,111111111111111111111111111111111111111111,,200,200,200,True,True,
sub-044,sub-044/ses-1/eeg/sub-044_ses-1_task-EyesClosed_acq-pre_eeg.edf,6a558cd5852503e66df9ac7fdac2f3a7f4ed5f12,1.0.3,24196896,f388bf69d4ce051644a8f7b9dad57daf019bce0cf50c101d93fe075edb2d7458,186,186.0,186,1.0,16896,,True,65,1000,1000.0,FCz,64,64,True,True,True,True,1,ONLY-INITIAL-BOUNDARY,True,False,False,True,True,,ASSESSED-TIME-DOMAIN-ONLY,True,True,42,111111111111111111111111111111111111111111,,200,200,200,True,True,
sub-045,sub-045/ses-1/eeg/sub-045_ses-1_task-EyesClosed_acq-pre_eeg.edf,6a558cd5852503e66df9ac7fdac2f3a7f4ed5f12,1.0.3,24586896,c37afca62a7846e89571209b39ceb5131e1fa23d5b4d4145d83351e0023f9b08,189,189.0,189,1.0,16896,,True,65,1000,1000.0,FCz,64,64,True,True,True,True,1,ONLY-INITIAL-BOUNDARY,True,False,False,True,True,,ASSESSED-TIME-DOMAIN-ONLY,True,True,42,111111111111111111111111111111111111111111,,200,200,200,True,True,
sub-046,sub-046/ses-1/eeg/sub-046_ses-1_task-EyesClosed_acq-pre_eeg.edf,6a558cd5852503e66df9ac7fdac2f3a7f4ed5f12,1.0.3,23936896,6139c5ec9e44aef6f2052538e30caf1dc50428b3d8678edae09ab6a68b5a46e6,184,184.0,184,1.0,16896,,True,65,1000,1000.0,FCz,64,64,True,True,True,True,1,ONLY-INITIAL-BOUNDARY,True,False,False,True,True,,ASSESSED-TIME-DOMAIN-ONLY,True,True,42,111111111111111111111111111111111111111111,,200,200,200,True,True,
sub-047,sub-047/ses-1/eeg/sub-047_ses-1_task-EyesClosed_acq-pre_eeg.edf,6a558cd5852503e66df9ac7fdac2f3a7f4ed5f12,1.0.3,24456896,e4469fb7924502a35b9855d93ac0f8fe4650e338b4c5b2af2f4287c18ad5f209,188,188.0,188,1.0,16896,,True,65,1000,1000.0,FCz,64,64,True,True,True,True,1,ONLY-INITIAL-BOUNDARY,True,False,False,True,True,,ASSESSED-TIME-DOMAIN-ONLY,True,True,42,111111111111111111111111111111111111111111,,200,200,200,True,True,
sub-048,sub-048/ses-1/eeg/sub-048_ses-1_task-EyesClosed_acq-pre_eeg.edf,6a558cd5852503e66df9ac7fdac2f3a7f4ed5f12,1.0.3,23676896,bf3f9b2297ccee35e28b1937f6a8e15be59581d4daa414afe0065a1c9efa08c2,182,182.0,182,1.0,16896,,True,65,1000,1000.0,FCz,64,64,True,True,True,True,1,ONLY-INITIAL-BOUNDARY,True,False,False,True,True,,ASSESSED-TIME-DOMAIN-ONLY,True,True,42,111111111111111111111111111111111111111111,,200,200,200,True,True,
sub-049,sub-049/ses-1/eeg/sub-049_ses-1_task-EyesClosed_acq-pre_eeg.edf,6a558cd5852503e66df9ac7fdac2f3a7f4ed5f12,1.0.3,28486896,12cacace1c56fadbfca2ecf6ff64cfd3f1d6dd18144e9dfcf1d2489d54ece52c,219,219.0,219,1.0,16896,,True,65,1000,1000.0,FCz,64,64,True,True,True,True,40,OTHER-TASK-MARKERS,True,False,True,True,False,other_task_markers,NOT-ASSESSED-STRUCTURAL-FAIL,False,False,,,,,,,False,False,other_task_markers
sub-050,sub-050/ses-1/eeg/sub-050_ses-1_task-EyesClosed_acq-pre_eeg.edf,6a558cd5852503e66df9ac7fdac2f3a7f4ed5f12,1.0.3,26146896,654a2afe87a4c0f5af2b4ef6f6e6ca4a05e6a37c4beb7103f2de173bdae7c9ee,201,201.0,201,1.0,16896,,True,65,1000,1000.0,FCz,64,64,True,True,True,True,1,ONLY-INITIAL-BOUNDARY,True,False,False,True,True,,ASSESSED-TIME-DOMAIN-ONLY,True,True,42,111111111111111111111111111111111111111111,,200,200,200,True,True,
sub-051,sub-051/ses-1/eeg/sub-051_ses-1_task-EyesClosed_acq-pre_eeg.edf,6a558cd5852503e66df9ac7fdac2f3a7f4ed5f12,1.0.3,25106896,c1e75dfd1e4388832fd8959fc8e922b44c8745b98af912ef798f09fc2adb9225,193,193.0,193,1.0,16896,,True,65,1000,1000.0,FCz,64,64,True,True,True,True,1,ONLY-INITIAL-BOUNDARY,True,False,False,True,True,,ASSESSED-TIME-DOMAIN-ONLY,True,True,42,111111111111111111111111111111111111111111,,200,200,200,True,True,
sub-052,sub-052/ses-1/eeg/sub-052_ses-1_task-EyesClosed_acq-pre_eeg.edf,6a558cd5852503e66df9ac7fdac2f3a7f4ed5f12,1.0.3,24066896,fe7a7974ae145319720d84d20f64a23100dba37a330e4d4f83fcf93244d4c9f5,184,185.0,185,1.0,16896,,True,65,1000,1000.0,FCz,64,64,True,True,True,True,1,ONLY-INITIAL-BOUNDARY,True,False,False,True,True,,ASSESSED-TIME-DOMAIN-ONLY,True,True,42,111111111111111111111111111111111111111111,,200,200,200,True,True,
sub-053,sub-053/ses-1/eeg/sub-053_ses-1_task-EyesClosed_acq-pre_eeg.edf,6a558cd5852503e66df9ac7fdac2f3a7f4ed5f12,1.0.3,24196896,86163d73e3343fd7ecb2e145e82efecb29ada97ac78525e4f841aba3c735f3a1,186,186.0,186,1.0,16896,,True,65,1000,1000.0,FCz,64,64,True,True,True,True,1,ONLY-INITIAL-BOUNDARY,True,False,False,True,True,,ASSESSED-TIME-DOMAIN-ONLY,True,True,42,111111111111111111111111111111111111111111,,200,200,200,True,True,
sub-054,sub-054/ses-1/eeg/sub-054_ses-1_task-EyesClosed_acq-pre_eeg.edf,6a558cd5852503e66df9ac7fdac2f3a7f4ed5f12,1.0.3,23806896,faa0801d56198b5c036da328b328753e31c03ed90df5a428be7c64a45165c86d,182,183.0,183,1.0,16896,,True,65,1000,1000.0,FCz,64,64,True,True,True,True,1,ONLY-INITIAL-BOUNDARY,True,False,False,True,True,,ASSESSED-TIME-DOMAIN-ONLY,True,True,42,111111111111111111111111111111111111111111,,200,200,200,True,True,
sub-055,sub-055/ses-1/eeg/sub-055_ses-1_task-EyesClosed_acq-pre_eeg.edf,6a558cd5852503e66df9ac7fdac2f3a7f4ed5f12,1.0.3,23806896,4ebff3822360228211336d80aa0fc9a88f637b964d907e070f80747a4993b392,182,183.0,183,1.0,16896,,True,65,1000,1000.0,FCz,64,64,True,True,True,True,41,OTHER-TASK-MARKERS,True,False,True,True,False,other_task_markers,NOT-ASSESSED-STRUCTURAL-FAIL,False,False,,,,,,,False,False,other_task_markers
sub-056,sub-056/ses-1/eeg/sub-056_ses-1_task-EyesClosed_acq-pre_eeg.edf,6a558cd5852503e66df9ac7fdac2f3a7f4ed5f12,1.0.3,24326896,e2ae19c5431e21e580622032a3261a034e96dd4b1918f3c44da57b6c2a83c6b7,186,187.0,187,1.0,16896,,True,65,1000,1000.0,FCz,64,64,True,True,True,True,1,ONLY-INITIAL-BOUNDARY,True,False,False,True,True,,ASSESSED-TIME-DOMAIN-ONLY,True,True,42,111111111111111111111111111111111111111111,,200,200,200,True,True,
sub-057,sub-057/ses-1/eeg/sub-057_ses-1_task-EyesClosed_acq-pre_eeg.edf,6a558cd5852503e66df9ac7fdac2f3a7f4ed5f12,1.0.3,23676896,41209986bfb15d31600522cec077de8e5ac1a58887b0d0cc00838ca54541a6d9,182,182.0,182,1.0,16896,,True,65,1000,1000.0,FCz,64,64,True,True,True,True,1,ONLY-INITIAL-BOUNDARY,True,False,False,True,True,,ASSESSED-TIME-DOMAIN-ONLY,True,True,42,111111111111111111111111111111111111111111,,200,200,200,True,True,
sub-058,sub-058/ses-1/eeg/sub-058_ses-1_task-EyesClosed_acq-pre_eeg.edf,6a558cd5852503e66df9ac7fdac2f3a7f4ed5f12,1.0.3,24456896,6eb9055eeba453a75c2b4e825df0a102dc2246c90329e476890a4862a8a99db8,188,188.0,188,1.0,16896,,True,65,1000,1000.0,FCz,64,64,True,True,True,True,1,ONLY-INITIAL-BOUNDARY,True,False,False,True,True,,ASSESSED-TIME-DOMAIN-ONLY,True,True,42,111111111111111111111111111111111111111111,,200,200,200,True,True,
sub-059,sub-059/ses-1/eeg/sub-059_ses-1_task-EyesClosed_acq-pre_eeg.edf,6a558cd5852503e66df9ac7fdac2f3a7f4ed5f12,1.0.3,23936896,fd3584a41e727420168372f88ed7a22081c778b9b3313e30e13c8d95ec342936,183,184.0,184,1.0,16896,,True,65,1000,1000.0,FCz,64,64,True,True,True,True,1,ONLY-INITIAL-BOUNDARY,True,False,False,True,True,,ASSESSED-TIME-DOMAIN-ONLY,True,True,42,111111111111111111111111111111111111111111,,200,200,200,True,True,
sub-060,sub-060/ses-1/eeg/sub-060_ses-1_task-EyesClosed_acq-pre_eeg.edf,6a558cd5852503e66df9ac7fdac2f3a7f4ed5f12,1.0.3,23936896,6a28817f5d6665a6245f2bae2c16b766e9d1c8ea0d2a1f180bfe1c7bb1d5ba40,184,184.0,184,1.0,16896,,True,65,1000,1000.0,FCz,64,64,True,True,True,True,1,ONLY-INITIAL-BOUNDARY,True,False,False,True,True,,ASSESSED-TIME-DOMAIN-ONLY,True,True,42,111111111111111111111111111111111111111111,,200,200,200,True,True,
sub-061,sub-061/ses-1/eeg/sub-061_ses-1_task-EyesClosed_acq-pre_eeg.edf,6a558cd5852503e66df9ac7fdac2f3a7f4ed5f12,1.0.3,23806896,7d1f2741257ddd636cf741aeb9d449bfa5fa53b5a17eca464690169e9fab1fad,183,183.0,183,1.0,16896,,True,65,1000,1000.0,FCz,64,64,True,True,True,True,1,ONLY-INITIAL-BOUNDARY,True,False,False,True,True,,ASSESSED-TIME-DOMAIN-ONLY,True,True,42,111111111111111111111111111111111111111111,,200,200,200,True,True,
sub-062,sub-062/ses-1/eeg/sub-062_ses-1_task-EyesClosed_acq-pre_eeg.edf,6a558cd5852503e66df9ac7fdac2f3a7f4ed5f12,1.0.3,23676896,ed159244677a86d0ea7365fb48a447d772628c4f15710fc78cdafab752d1732c,181,182.0,182,1.0,16896,,True,65,1000,1000.0,FCz,64,64,True,True,True,True,1,ONLY-INITIAL-BOUNDARY,True,False,False,True,True,,ASSESSED-TIME-DOMAIN-ONLY,True,True,42,111111111111111111111111111111111111111111,,200,200,200,True,True,
sub-063,sub-063/ses-1/eeg/sub-063_ses-1_task-EyesClosed_acq-pre_eeg.edf,6a558cd5852503e66df9ac7fdac2f3a7f4ed5f12,1.0.3,23806896,2fd5da8e7c69de48ace3be3c9ba3b30e1163cfbb6c6b83998839f8e4f6a0950d,183,183.0,183,1.0,16896,,True,65,1000,1000.0,FCz,64,64,True,True,True,True,1,ONLY-INITIAL-BOUNDARY,True,False,False,True,True,,ASSESSED-TIME-DOMAIN-ONLY,True,True,42,111111111111111111111111111111111111111111,,200,200,200,True,True,
sub-064,sub-064/ses-1/eeg/sub-064_ses-1_task-EyesClosed_acq-pre_eeg.edf,6a558cd5852503e66df9ac7fdac2f3a7f4ed5f12,1.0.3,23936896,93e897cfd9b397222a246fd3a59875856c5139a2d043e825d537ba54c0bdef7f,184,184.0,184,1.0,16896,,True,65,1000,1000.0,FCz,64,64,True,True,True,True,3,OTHER-TASK-MARKERS,True,False,True,True,False,other_task_markers,NOT-ASSESSED-STRUCTURAL-FAIL,False,False,,,,,,,False,False,other_task_markers
sub-065,sub-065/ses-1/eeg/sub-065_ses-1_task-EyesClosed_acq-pre_eeg.edf,6a558cd5852503e66df9ac7fdac2f3a7f4ed5f12,1.0.3,25626896,1baa8a59ab310bcf12b401128ca828e1395e3c491e9cc9ecde146666239d3925,197,197.0,197,1.0,16896,,True,65,1000,1000.0,FCz,64,64,True,True,True,True,1,ONLY-INITIAL-BOUNDARY,True,False,False,True,True,,ASSESSED-TIME-DOMAIN-ONLY,True,True,42,111111111111111111111111111111111111111111,,200,200,200,True,True,
sub-066,sub-066/ses-1/eeg/sub-066_ses-1_task-EyesClosed_acq-pre_eeg.edf,6a558cd5852503e66df9ac7fdac2f3a7f4ed5f12,1.0.3,23546896,a8f8cb79ae2838e8d09fcc36583886127be65fd92b1dad48c286bdcf500e4a5f,181,181.0,181,1.0,16896,,True,65,1000,1000.0,FCz,64,64,True,True,True,True,1,ONLY-INITIAL-BOUNDARY,True,False,False,True,True,,ASSESSED-TIME-DOMAIN-ONLY,True,True,42,111111111111111111111111111111111111111111,,200,200,200,True,True,
sub-067,sub-067/ses-1/eeg/sub-067_ses-1_task-EyesClosed_acq-pre_eeg.edf,6a558cd5852503e66df9ac7fdac2f3a7f4ed5f12,1.0.3,23936896,923b6e64006aa832da796ea3fca7a9bb419e74616e6b27571351f61eec22bc7c,184,184.0,184,1.0,16896,,True,65,1000,1000.0,FCz,64,64,True,True,True,True,1,ONLY-INITIAL-BOUNDARY,True,False,False,True,True,,ASSESSED-TIME-DOMAIN-ONLY,True,True,41,111111111111111111111111111111011111111111,30:step_gt_200uV,200,200,200,False,True,
sub-068,sub-068/ses-1/eeg/sub-068_ses-1_task-EyesClosed_acq-pre_eeg.edf,6a558cd5852503e66df9ac7fdac2f3a7f4ed5f12,1.0.3,24066896,edbe2d1e8933c404efaf86cf5b6621c5a466c4fa554000b0a019642d67a04522,185,185.0,185,1.0,16896,,True,65,1000,1000.0,FCz,64,64,True,True,True,True,1,ONLY-INITIAL-BOUNDARY,True,False,False,True,True,,ASSESSED-TIME-DOMAIN-ONLY,True,True,42,111111111111111111111111111111111111111111,,200,200,200,True,True,
sub-069,sub-069/ses-1/eeg/sub-069_ses-1_task-EyesClosed_acq-pre_eeg.edf,6a558cd5852503e66df9ac7fdac2f3a7f4ed5f12,1.0.3,25756896,0bdc9b1548ce3c859e62f3cbc23b640c9852c7820610c4e8d09e7015307db084,198,198.0,198,1.0,16896,,True,65,1000,1000.0,FCz,64,64,True,True,True,True,1,ONLY-INITIAL-BOUNDARY,True,False,False,True,True,,ASSESSED-TIME-DOMAIN-ONLY,True,True,42,111111111111111111111111111111111111111111,,200,200,200,True,True,
sub-070,sub-070/ses-1/eeg/sub-070_ses-1_task-EyesClosed_acq-pre_eeg.edf,6a558cd5852503e66df9ac7fdac2f3a7f4ed5f12,1.0.3,23676896,ef3cfb8662351f10b443469d8b106497e24a88fc4e0ea97f3d7c28a810d99d1b,182,182.0,182,1.0,16896,,True,65,1000,1000.0,FCz,64,64,True,True,True,True,1,ONLY-INITIAL-BOUNDARY,True,False,False,True,True,,ASSESSED-TIME-DOMAIN-ONLY,True,True,42,111111111111111111111111111111111111111111,,200,200,200,True,True,
sub-071,sub-071/ses-1/eeg/sub-071_ses-1_task-EyesClosed_acq-pre_eeg.edf,6a558cd5852503e66df9ac7fdac2f3a7f4ed5f12,1.0.3,23806896,9bc0ce5c57bec3644df5c3622e380adf031a4c5e77ebd404a866587cf16be68c,182,183.0,183,1.0,16896,,True,65,1000,1000.0,FCz,64,64,True,True,True,True,1,ONLY-INITIAL-BOUNDARY,True,False,False,True,True,,ASSESSED-TIME-DOMAIN-ONLY,True,True,42,111111111111111111111111111111111111111111,,200,200,200,True,True,
sub-072,sub-072/ses-1/eeg/sub-072_ses-1_task-EyesClosed_acq-pre_eeg.edf,6a558cd5852503e66df9ac7fdac2f3a7f4ed5f12,1.0.3,23546896,7d1b5ad93a94d80642216312eac9dc851a4f7e9a556da8157e1fd47597ed7a21,181,181.0,181,1.0,16896,,True,65,1000,1000.0,FCz,64,64,True,True,True,True,1,ONLY-INITIAL-BOUNDARY,True,False,False,True,True,,ASSESSED-TIME-DOMAIN-ONLY,True,True,42,111111111111111111111111111111111111111111,,200,200,200,True,True,
sub-073,sub-073/ses-1/eeg/sub-073_ses-1_task-EyesClosed_acq-pre_eeg.edf,6a558cd5852503e66df9ac7fdac2f3a7f4ed5f12,1.0.3,23936896,52a0adcc3ba719cff34267cfd8f8eecaf76e4016ab50f307ec1253083f71bd76,184,184.0,184,1.0,16896,,True,65,1000,1000.0,FCz,64,64,True,True,True,True,1,ONLY-INITIAL-BOUNDARY,True,False,False,True,True,,ASSESSED-TIME-DOMAIN-ONLY,True,True,42,111111111111111111111111111111111111111111,,200,200,200,True,True,
sub-074,sub-074/ses-1/eeg/sub-074_ses-1_task-EyesClosed_acq-pre_eeg.edf,6a558cd5852503e66df9ac7fdac2f3a7f4ed5f12,1.0.3,23806896,6c5173875b69a8f63a63a3e9871d6e60af7a8ceb0366e575a4825d3a9df000d5,183,183.0,183,1.0,16896,,True,65,1000,1000.0,FCz,64,64,True,True,True,True,1,ONLY-INITIAL-BOUNDARY,True,False,False,True,True,,ASSESSED-TIME-DOMAIN-ONLY,True,True,42,111111111111111111111111111111111111111111,,200,200,200,True,True,
sub-075,sub-075/ses-1/eeg/sub-075_ses-1_task-EyesClosed_acq-pre_eeg.edf,6a558cd5852503e66df9ac7fdac2f3a7f4ed5f12,1.0.3,26926896,bc2cf91a253a490342d849f39baba530bbe4a58b5c2ea86fb78db08e037fcb02,207,207.0,207,1.0,16896,,True,65,1000,1000.0,FCz,64,64,True,True,True,True,1,ONLY-INITIAL-BOUNDARY,True,False,False,True,True,,ASSESSED-TIME-DOMAIN-ONLY,True,True,42,111111111111111111111111111111111111111111,,200,200,200,True,True,
sub-076,sub-076/ses-1/eeg/sub-076_ses-1_task-EyesClosed_acq-pre_eeg.edf,6a558cd5852503e66df9ac7fdac2f3a7f4ed5f12,1.0.3,23936896,8d15c1380f4b33ab7b608bfae55840c71a34b0adfaecf2a8dddef97d256e5f96,184,184.0,184,1.0,16896,,True,65,1000,1000.0,FCz,64,64,True,True,True,True,1,ONLY-INITIAL-BOUNDARY,True,False,False,True,True,,ASSESSED-TIME-DOMAIN-ONLY,True,True,42,111111111111111111111111111111111111111111,,200,200,200,True,True,
sub-077,sub-077/ses-1/eeg/sub-077_ses-1_task-EyesClosed_acq-pre_eeg.edf,6a558cd5852503e66df9ac7fdac2f3a7f4ed5f12,1.0.3,24066896,25d82c128fab3ffac8d5a3f2985209ae7e1ac9c91b9657be41167872d7dcfd29,185,185.0,185,1.0,16896,,True,65,1000,1000.0,FCz,64,64,True,True,True,True,1,ONLY-INITIAL-BOUNDARY,True,False,False,True,True,,ASSESSED-TIME-DOMAIN-ONLY,True,True,42,111111111111111111111111111111111111111111,,200,200,200,True,True,
sub-078,sub-078/ses-1/eeg/sub-078_ses-1_task-EyesClosed_acq-pre_eeg.edf,6a558cd5852503e66df9ac7fdac2f3a7f4ed5f12,1.0.3,23806896,12ce2932665e8f6732fcd52763c00426625e0178aebbce815c0afb54b9507ca6,183,183.0,183,1.0,16896,,True,65,1000,1000.0,FCz,64,64,True,True,True,True,1,ONLY-INITIAL-BOUNDARY,True,False,False,True,True,,ASSESSED-TIME-DOMAIN-ONLY,True,True,42,111111111111111111111111111111111111111111,,200,200,200,True,True,
sub-079,sub-079/ses-1/eeg/sub-079_ses-1_task-EyesClosed_acq-pre_eeg.edf,6a558cd5852503e66df9ac7fdac2f3a7f4ed5f12,1.0.3,23806896,59a103c152b7232ca3fd5f3a937e59e20216cef0366cd287dd3a61cb9acedede,183,183.0,183,1.0,16896,,True,65,1000,1000.0,FCz,64,64,True,True,True,True,1,ONLY-INITIAL-BOUNDARY,True,False,False,True,True,,ASSESSED-TIME-DOMAIN-ONLY,True,True,42,111111111111111111111111111111111111111111,,200,200,200,True,True,
sub-080,sub-080/ses-1/eeg/sub-080_ses-1_task-EyesClosed_acq-pre_eeg.edf,6a558cd5852503e66df9ac7fdac2f3a7f4ed5f12,1.0.3,23676896,57d5386766dbeae8046a8c3898208019318daa2cfc0b5b0cdcd5c3cf6dd4b4de,181,182.0,182,1.0,16896,,True,65,1000,1000.0,FCz,64,64,True,True,True,True,1,ONLY-INITIAL-BOUNDARY,True,False,False,True,True,,ASSESSED-TIME-DOMAIN-ONLY,True,True,42,111111111111111111111111111111111111111111,,200,200,200,True,True,
sub-081,sub-081/ses-1/eeg/sub-081_ses-1_task-EyesClosed_acq-pre_eeg.edf,6a558cd5852503e66df9ac7fdac2f3a7f4ed5f12,1.0.3,23936896,ca906ad6fc5daa45f526237f7d85bf320b6f031aa9dc319c48633d5930f96bf3,183,184.0,184,1.0,16896,,True,65,1000,1000.0,FCz,64,64,True,True,True,True,1,ONLY-INITIAL-BOUNDARY,True,False,False,True,True,,ASSESSED-TIME-DOMAIN-ONLY,True,True,42,111111111111111111111111111111111111111111,,200,200,200,True,True,
sub-082,sub-082/ses-1/eeg/sub-082_ses-1_task-EyesClosed_acq-pre_eeg.edf,6a558cd5852503e66df9ac7fdac2f3a7f4ed5f12,1.0.3,23936896,14e08da731ceb7d9d4cec3f750c446cfa5a29ec4f5ec89406f99668599dd2288,184,184.0,184,1.0,16896,,True,65,1000,1000.0,FCz,64,64,True,True,True,True,1,ONLY-INITIAL-BOUNDARY,True,False,False,True,True,,ASSESSED-TIME-DOMAIN-ONLY,True,True,42,111111111111111111111111111111111111111111,,200,200,200,True,True,
sub-083,sub-083/ses-1/eeg/sub-083_ses-1_task-EyesClosed_acq-pre_eeg.edf,6a558cd5852503e66df9ac7fdac2f3a7f4ed5f12,1.0.3,23676896,4c3aca7f7ae281dd43faec3ee19b455e27a9f35939f41f51da12907cd7eade3b,181,182.0,182,1.0,16896,,True,65,1000,1000.0,FCz,64,64,True,True,True,True,1,ONLY-INITIAL-BOUNDARY,True,False,False,True,True,,ASSESSED-TIME-DOMAIN-ONLY,True,True,42,111111111111111111111111111111111111111111,,200,200,200,True,True,
sub-084,sub-084/ses-1/eeg/sub-084_ses-1_task-EyesClosed_acq-pre_eeg.edf,6a558cd5852503e66df9ac7fdac2f3a7f4ed5f12,1.0.3,23676896,04d5048db8862ecf43aa90662519aeafd76e5396de356bb85a99d64a3f3b9705,181,182.0,182,1.0,16896,,True,65,1000,1000.0,FCz,64,64,True,True,True,True,1,ONLY-INITIAL-BOUNDARY,True,False,False,True,True,,ASSESSED-TIME-DOMAIN-ONLY,True,True,42,111111111111111111111111111111111111111111,,200,200,200,True,True,
sub-085,sub-085/ses-1/eeg/sub-085_ses-1_task-EyesClosed_acq-pre_eeg.edf,6a558cd5852503e66df9ac7fdac2f3a7f4ed5f12,1.0.3,24066896,735a8af38523010b179379e7dfba110207d8d4a0bbcaa3915cc57ea5b0efac48,185,185.0,185,1.0,16896,,True,65,1000,1000.0,FCz,64,64,True,True,True,True,105,OTHER-TASK-MARKERS,True,False,True,True,False,other_task_markers,NOT-ASSESSED-STRUCTURAL-FAIL,False,False,,,,,,,False,False,other_task_markers
sub-086,sub-086/ses-1/eeg/sub-086_ses-1_task-EyesClosed_acq-pre_eeg.edf,6a558cd5852503e66df9ac7fdac2f3a7f4ed5f12,1.0.3,23936896,6a3f4801a1a3b5c9758d621e02fa8368e717991ac1e126f128d4b25feb0b0f9d,183,184.0,184,1.0,16896,,True,65,1000,1000.0,FCz,64,64,True,True,True,True,1,ONLY-INITIAL-BOUNDARY,True,False,False,True,True,,ASSESSED-TIME-DOMAIN-ONLY,True,True,42,111111111111111111111111111111111111111111,,200,200,200,True,True,
sub-087,sub-087/ses-1/eeg/sub-087_ses-1_task-EyesClosed_acq-pre_eeg.edf,6a558cd5852503e66df9ac7fdac2f3a7f4ed5f12,1.0.3,24326896,5366cdce798539c565695e25b2c991b4402596ae50af884be17b9fd57b011ee8,186,187.0,187,1.0,16896,,True,65,1000,1000.0,FCz,64,64,True,True,True,True,1,ONLY-INITIAL-BOUNDARY,True,False,False,True,True,,ASSESSED-TIME-DOMAIN-ONLY,True,True,42,111111111111111111111111111111111111111111,,200,200,200,True,True,
sub-088,sub-088/ses-1/eeg/sub-088_ses-1_task-EyesClosed_acq-pre_eeg.edf,6a558cd5852503e66df9ac7fdac2f3a7f4ed5f12,1.0.3,24196896,f988dc4079c395aa3064614d8afea603785c9b9b8d6ad73f3a0940dc87c0344f,186,186.0,186,1.0,16896,,True,65,1000,1000.0,FCz,64,64,True,True,True,True,1,ONLY-INITIAL-BOUNDARY,True,False,False,True,True,,ASSESSED-TIME-DOMAIN-ONLY,True,True,42,111111111111111111111111111111111111111111,,200,200,200,True,True,
sub-089,sub-089/ses-1/eeg/sub-089_ses-1_task-EyesClosed_acq-pre_eeg.edf,6a558cd5852503e66df9ac7fdac2f3a7f4ed5f12,1.0.3,24196896,c70db948ccb95e1bb309b2ff7f2611d39b5d3f56b374d4a43480a868ec2a154d,185,186.0,186,1.0,16896,,True,65,1000,1000.0,FCz,64,64,True,True,True,True,1,ONLY-INITIAL-BOUNDARY,True,False,False,True,True,,ASSESSED-TIME-DOMAIN-ONLY,True,True,42,111111111111111111111111111111111111111111,,200,200,200,True,True,
sub-090,sub-090/ses-1/eeg/sub-090_ses-1_task-EyesClosed_acq-pre_eeg.edf,6a558cd5852503e66df9ac7fdac2f3a7f4ed5f12,1.0.3,23936896,0068c2eba5232135a497929cc64dcaa11fedcc26689fc72a569b9607ef4aaa3c,184,184.0,184,1.0,16896,,True,65,1000,1000.0,FCz,64,64,True,True,True,True,1,ONLY-INITIAL-BOUNDARY,True,False,False,True,True,,ASSESSED-TIME-DOMAIN-ONLY,True,True,42,111111111111111111111111111111111111111111,,200,200,200,True,True,
sub-091,sub-091/ses-1/eeg/sub-091_ses-1_task-EyesClosed_acq-pre_eeg.edf,6a558cd5852503e66df9ac7fdac2f3a7f4ed5f12,1.0.3,23806896,ecc32e203a25a70935c0a9a9b2fc91de7e537522c519d2ce89b72aa7d2d15532,182,183.0,183,1.0,16896,,True,65,1000,1000.0,FCz,64,64,True,True,True,True,1,ONLY-INITIAL-BOUNDARY,True,False,False,True,True,,ASSESSED-TIME-DOMAIN-ONLY,True,True,42,111111111111111111111111111111111111111111,,200,200,200,True,True,
sub-092,sub-092/ses-1/eeg/sub-092_ses-1_task-EyesClosed_acq-pre_eeg.edf,6a558cd5852503e66df9ac7fdac2f3a7f4ed5f12,1.0.3,25366896,2d6396168261566af3f12a9f33e72bcd68113a9dca6c40ec1f191ddac1dca9f3,195,195.0,195,1.0,16896,,True,65,1000,1000.0,FCz,64,64,True,True,True,True,1,ONLY-INITIAL-BOUNDARY,True,False,False,True,True,,ASSESSED-TIME-DOMAIN-ONLY,True,True,42,111111111111111111111111111111111111111111,,200,200,200,True,True,
sub-093,sub-093/ses-1/eeg/sub-093_ses-1_task-EyesClosed_acq-pre_eeg.edf,6a558cd5852503e66df9ac7fdac2f3a7f4ed5f12,1.0.3,25366896,1daf32cfb753d160f0aae71282d385989db84a0e33639b0b488f8186e163a6f6,195,195.0,195,1.0,16896,,True,65,1000,1000.0,FCz,64,64,True,True,True,True,20,OTHER-TASK-MARKERS,True,False,True,True,False,other_task_markers,NOT-ASSESSED-STRUCTURAL-FAIL,False,False,,,,,,,False,False,other_task_markers
sub-094,sub-094/ses-1/eeg/sub-094_ses-1_task-EyesClosed_acq-pre_eeg.edf,6a558cd5852503e66df9ac7fdac2f3a7f4ed5f12,1.0.3,24586896,f45819e90b30766f65429d7448dcc4e1171a6e16eef8fa3168c75401151b83bd,189,189.0,189,1.0,16896,,True,65,1000,1000.0,FCz,64,64,True,True,True,True,1,ONLY-INITIAL-BOUNDARY,True,False,False,True,True,,ASSESSED-TIME-DOMAIN-ONLY,True,True,42,111111111111111111111111111111111111111111,,200,200,200,True,True,
sub-095,sub-095/ses-1/eeg/sub-095_ses-1_task-EyesClosed_acq-pre_eeg.edf,6a558cd5852503e66df9ac7fdac2f3a7f4ed5f12,1.0.3,23806896,0767026cb5f069ff640af581d77e150cadaa1dde5c0eb0a52fd910daefdadfe5,183,183.0,183,1.0,16896,,True,65,1000,1000.0,FCz,64,64,True,True,True,True,1,ONLY-INITIAL-BOUNDARY,True,False,False,True,True,,ASSESSED-TIME-DOMAIN-ONLY,True,True,42,111111111111111111111111111111111111111111,,200,200,200,True,True,
sub-096,sub-096/ses-1/eeg/sub-096_ses-1_task-EyesClosed_acq-pre_eeg.edf,6a558cd5852503e66df9ac7fdac2f3a7f4ed5f12,1.0.3,23806896,e11bdc4d19ff29d127c981ec5db5c3e5eb61f4ead90b2ef1893ff9280edd760d,182,183.0,183,1.0,16896,,True,65,1000,1000.0,FCz,64,64,True,True,True,True,2,USB-DISCONNECT-ANNOTATION,True,True,False,True,False,usb_disconnect_annotation,NOT-ASSESSED-STRUCTURAL-FAIL,False,False,,,,,,,False,False,usb_disconnect_annotation
sub-097,sub-097/ses-1/eeg/sub-097_ses-1_task-EyesClosed_acq-pre_eeg.edf,6a558cd5852503e66df9ac7fdac2f3a7f4ed5f12,1.0.3,23936896,f667430ddcbb2992b74a8f77562dd3cba011d7d02a20613f473422776a6624a3,183,184.0,184,1.0,16896,,True,65,1000,1000.0,FCz,64,64,True,True,True,True,56,OTHER-TASK-MARKERS,True,False,True,True,False,other_task_markers,NOT-ASSESSED-STRUCTURAL-FAIL,False,False,,,,,,,False,False,other_task_markers
sub-098,sub-098/ses-1/eeg/sub-098_ses-1_task-EyesClosed_acq-pre_eeg.edf,6a558cd5852503e66df9ac7fdac2f3a7f4ed5f12,1.0.3,24326896,37a3e25730614deda84b8e1244fe5b4fb96478123b3780a905e8e198e9c3f9a4,186,187.0,187,1.0,16896,,True,65,1000,1000.0,FCz,64,64,True,True,True,True,1,ONLY-INITIAL-BOUNDARY,True,False,False,True,True,,ASSESSED-TIME-DOMAIN-ONLY,True,True,42,111111111111111111111111111111111111111111,,200,200,200,True,True,
sub-099,sub-099/ses-1/eeg/sub-099_ses-1_task-EyesClosed_acq-pre_eeg.edf,6a558cd5852503e66df9ac7fdac2f3a7f4ed5f12,1.0.3,23806896,a339a95303e591c563d09274f2352ee1f4bdf2a53eed8561a902a7ad29d6ea4c,183,183.0,183,1.0,16896,,True,65,1000,1000.0,FCz,64,64,True,True,True,True,1,ONLY-INITIAL-BOUNDARY,True,False,False,True,True,,ASSESSED-TIME-DOMAIN-ONLY,True,True,42,111111111111111111111111111111111111111111,,200,200,200,True,True,
sub-100,sub-100/ses-1/eeg/sub-100_ses-1_task-EyesClosed_acq-pre_eeg.edf,6a558cd5852503e66df9ac7fdac2f3a7f4ed5f12,1.0.3,23806896,6144719fbdefc68efce566365f37d3b50ccde7b20cff983dca45e2398c4f1024,182,183.0,183,1.0,16896,,True,65,1000,1000.0,FCz,64,64,True,True,True,True,1,ONLY-INITIAL-BOUNDARY,True,False,False,True,True,,ASSESSED-TIME-DOMAIN-ONLY,True,True,42,111111111111111111111111111111111111111111,,200,200,200,True,True,
sub-101,sub-101/ses-1/eeg/sub-101_ses-1_task-EyesClosed_acq-pre_eeg.edf,6a558cd5852503e66df9ac7fdac2f3a7f4ed5f12,1.0.3,26276896,2732c700c3755a96f9f4e8110834951d28288c512dcaa4a27dd63514f1f6358e,202,202.0,202,1.0,16896,,True,65,1000,1000.0,FCz,64,64,True,True,True,True,1,ONLY-INITIAL-BOUNDARY,True,False,False,True,True,,ASSESSED-TIME-DOMAIN-ONLY,True,True,40,111111111111111111111111111111111111111100,40:step_gt_200uV;41:step_gt_200uV,200,200,200,False,True,
sub-102,sub-102/ses-1/eeg/sub-102_ses-1_task-EyesClosed_acq-pre_eeg.edf,6a558cd5852503e66df9ac7fdac2f3a7f4ed5f12,1.0.3,24846896,d84e997162d8dfbe9c59988c08db35a19aeb8d8335dbf2da6f192615fd03dcda,190,191.0,191,1.0,16896,,True,65,1000,1000.0,FCz,64,64,True,True,True,True,1,ONLY-INITIAL-BOUNDARY,True,False,False,True,True,,ASSESSED-TIME-DOMAIN-ONLY,True,True,42,111111111111111111111111111111111111111111,,200,200,200,True,True,
sub-103,sub-103/ses-1/eeg/sub-103_ses-1_task-EyesClosed_acq-pre_eeg.edf,6a558cd5852503e66df9ac7fdac2f3a7f4ed5f12,1.0.3,24066896,d7682ab093c4431fa3ac6de5dcf7232379f2a7e73a88d22931b9609709544a37,185,185.0,185,1.0,16896,,True,65,1000,1000.0,FCz,64,64,True,True,True,True,1,ONLY-INITIAL-BOUNDARY,True,False,False,True,True,,ASSESSED-TIME-DOMAIN-ONLY,True,True,42,111111111111111111111111111111111111111111,,200,200,200,True,True,
sub-104,sub-104/ses-1/eeg/sub-104_ses-1_task-EyesClosed_acq-pre_eeg.edf,6a558cd5852503e66df9ac7fdac2f3a7f4ed5f12,1.0.3,24326896,134a6067ceb61f670e1b7c0e4acdaac8876969ae5c586b2c1075edbad9a32535,187,187.0,187,1.0,16896,,True,65,1000,1000.0,FCz,64,64,True,True,True,True,1,ONLY-INITIAL-BOUNDARY,True,False,False,True,True,,ASSESSED-TIME-DOMAIN-ONLY,True,True,42,111111111111111111111111111111111111111111,,200,200,200,True,True,
sub-105,sub-105/ses-1/eeg/sub-105_ses-1_task-EyesClosed_acq-pre_eeg.edf,6a558cd5852503e66df9ac7fdac2f3a7f4ed5f12,1.0.3,23676896,dc80dfeab9918665f8d73354d6bd4e997dfadbbea9716b0e7a9b397b51b455e3,181,182.0,182,1.0,16896,,True,65,1000,1000.0,FCz,64,64,True,True,True,True,1,ONLY-INITIAL-BOUNDARY,True,False,False,True,True,,ASSESSED-TIME-DOMAIN-ONLY,True,True,42,111111111111111111111111111111111111111111,,200,200,200,True,True,
sub-106,sub-106/ses-1/eeg/sub-106_ses-1_task-EyesClosed_acq-pre_eeg.edf,6a558cd5852503e66df9ac7fdac2f3a7f4ed5f12,1.0.3,23806896,cc4eaa77041a6c2c1acbb61e979bff153c1baec992cae9c21bd4439ad778cd97,182,183.0,183,1.0,16896,,True,65,1000,1000.0,FCz,64,64,True,True,True,True,16,OTHER-TASK-MARKERS,True,False,True,True,False,other_task_markers,NOT-ASSESSED-STRUCTURAL-FAIL,False,False,,,,,,,False,False,other_task_markers
sub-107,sub-107/ses-1/eeg/sub-107_ses-1_task-EyesClosed_acq-pre_eeg.edf,6a558cd5852503e66df9ac7fdac2f3a7f4ed5f12,1.0.3,23936896,13f6ba78282496485ae34279e66cbea4a799db808e6f7e922a4db6e2858e6363,183,184.0,184,1.0,16896,,True,65,1000,1000.0,FCz,64,64,True,True,True,True,1,ONLY-INITIAL-BOUNDARY,True,False,False,True,True,,ASSESSED-TIME-DOMAIN-ONLY,True,True,42,111111111111111111111111111111111111111111,,200,200,200,True,True,
sub-108,sub-108/ses-1/eeg/sub-108_ses-1_task-EyesClosed_acq-pre_eeg.edf,6a558cd5852503e66df9ac7fdac2f3a7f4ed5f12,1.0.3,23806896,e10c2591db935934503c609d5b2f7dd22d967090d164f97a53d9d3456010ce44,182,183.0,183,1.0,16896,,True,65,1000,1000.0,FCz,64,64,True,True,True,True,28,OTHER-TASK-MARKERS,True,False,True,True,False,other_task_markers,NOT-ASSESSED-STRUCTURAL-FAIL,False,False,,,,,,,False,False,other_task_markers
sub-109,sub-109/ses-1/eeg/sub-109_ses-1_task-EyesClosed_acq-pre_eeg.edf,6a558cd5852503e66df9ac7fdac2f3a7f4ed5f12,1.0.3,23936896,f59bb2d91c626a1f2ece948649e199c451d7bca32d06f9c94c39cb01d65aa33c,184,184.0,184,1.0,16896,,True,65,1000,1000.0,FCz,64,64,True,True,True,True,1,ONLY-INITIAL-BOUNDARY,True,False,False,True,True,,ASSESSED-TIME-DOMAIN-ONLY,True,True,42,111111111111111111111111111111111111111111,,200,200,200,True,True,
sub-110,sub-110/ses-1/eeg/sub-110_ses-1_task-EyesClosed_acq-pre_eeg.edf,6a558cd5852503e66df9ac7fdac2f3a7f4ed5f12,1.0.3,23806896,5d5a075ee00511403fcaa0e679d2fefd12bfa663ff83235301bc254147a0d5bd,183,183.0,183,1.0,16896,,True,65,1000,1000.0,FCz,64,64,True,True,True,True,1,ONLY-INITIAL-BOUNDARY,True,False,False,True,True,,ASSESSED-TIME-DOMAIN-ONLY,True,True,42,111111111111111111111111111111111111111111,,200,200,200,True,True,
sub-111,sub-111/ses-1/eeg/sub-111_ses-1_task-EyesClosed_acq-pre_eeg.edf,6a558cd5852503e66df9ac7fdac2f3a7f4ed5f12,1.0.3,24196896,768308907fee7445cec575a781f42a2bb19a8478d221bce67dec476ab2635e4e,185,186.0,186,1.0,16896,,True,65,1000,1000.0,FCz,64,64,True,True,True,True,1,ONLY-INITIAL-BOUNDARY,True,False,False,True,True,,ASSESSED-TIME-DOMAIN-ONLY,True,True,42,111111111111111111111111111111111111111111,,200,200,200,True,True,
sub-112,sub-112/ses-1/eeg/sub-112_ses-1_task-EyesClosed_acq-pre_eeg.edf,6a558cd5852503e66df9ac7fdac2f3a7f4ed5f12,1.0.3,25756896,102ebe408ad8e28cc789d2745cc12bc155b0d2f3adb14e00d52188fcd64a11ee,197,198.0,198,1.0,16896,,True,65,1000,1000.0,FCz,64,64,True,True,True,True,1,ONLY-INITIAL-BOUNDARY,True,False,False,True,True,,ASSESSED-TIME-DOMAIN-ONLY,True,True,42,111111111111111111111111111111111111111111,,200,200,200,True,True,
sub-113,sub-113/ses-1/eeg/sub-113_ses-1_task-EyesClosed_acq-pre_eeg.edf,6a558cd5852503e66df9ac7fdac2f3a7f4ed5f12,1.0.3,24326896,fec5ed4480a696a69cb85f93682dc597a71fbf813b7122db7a2e7b85bfee6ff8,186,187.0,187,1.0,16896,,True,65,1000,1000.0,FCz,64,64,True,True,True,True,1,ONLY-INITIAL-BOUNDARY,True,False,False,True,True,,ASSESSED-TIME-DOMAIN-ONLY,True,True,42,111111111111111111111111111111111111111111,,200,200,200,True,True,
sub-114,sub-114/ses-1/eeg/sub-114_ses-1_task-EyesClosed_acq-pre_eeg.edf,6a558cd5852503e66df9ac7fdac2f3a7f4ed5f12,1.0.3,23676896,8bfa6152778fde958ceff6b1443af5662730ddd3b7f48205af034a580111dab3,181,182.0,182,1.0,16896,,True,65,1000,1000.0,FCz,64,64,True,True,True,True,2,ONLY-INITIAL-BOUNDARY,True,False,False,True,True,,ASSESSED-TIME-DOMAIN-ONLY,True,True,39,111111111111011111111111111111111110011111,12:centered_abs_gt_500uV|p2p_gt_1000uV;35:centered_abs_gt_500uV|p2p_gt_1000uV;36:centered_abs_gt_500uV,200,200,200,False,True,
sub-115,sub-115/ses-1/eeg/sub-115_ses-1_task-EyesClosed_acq-pre_eeg.edf,6a558cd5852503e66df9ac7fdac2f3a7f4ed5f12,1.0.3,23806896,88312cb8bab68f60f0aff1cf9172511da8352268956816950ebb4c4e034e7a5d,182,183.0,183,1.0,16896,,True,65,1000,1000.0,FCz,64,64,True,True,True,True,1,ONLY-INITIAL-BOUNDARY,True,False,False,True,True,,ASSESSED-TIME-DOMAIN-ONLY,True,True,42,111111111111111111111111111111111111111111,,200,200,200,True,True,
sub-116,sub-116/ses-1/eeg/sub-116_ses-1_task-EyesClosed_acq-pre_eeg.edf,6a558cd5852503e66df9ac7fdac2f3a7f4ed5f12,1.0.3,24976896,a74b7527d21e19b4e7d10214d764bc06cb694863ef78551afb96539f3381180e,192,192.0,192,1.0,16896,,True,65,1000,1000.0,FCz,64,64,True,True,True,True,1,ONLY-INITIAL-BOUNDARY,True,False,False,True,True,,ASSESSED-TIME-DOMAIN-ONLY,True,True,42,111111111111111111111111111111111111111111,,200,200,200,True,True,
sub-117,sub-117/ses-1/eeg/sub-117_ses-1_task-EyesClosed_acq-pre_eeg.edf,6a558cd5852503e66df9ac7fdac2f3a7f4ed5f12,1.0.3,26146896,f6e63c44c92befdca542c14bcc07b674bf3ee40f1a4f17bb41571cdf4ebf2745,200,201.0,201,1.0,16896,,True,65,1000,1000.0,FCz,64,64,True,True,True,True,1,ONLY-INITIAL-BOUNDARY,True,False,False,True,True,,ASSESSED-TIME-DOMAIN-ONLY,True,True,42,111111111111111111111111111111111111111111,,200,200,200,True,True,
sub-118,sub-118/ses-1/eeg/sub-118_ses-1_task-EyesClosed_acq-pre_eeg.edf,6a558cd5852503e66df9ac7fdac2f3a7f4ed5f12,1.0.3,24066896,f261318317797e10b77efd47bee2171e12a437075d721bd8d8f70781aa2a99d3,185,185.0,185,1.0,16896,,True,65,1000,1000.0,FCz,64,64,True,True,True,True,1,ONLY-INITIAL-BOUNDARY,True,False,False,True,True,,ASSESSED-TIME-DOMAIN-ONLY,True,True,42,111111111111111111111111111111111111111111,,200,200,200,True,True,
sub-119,sub-119/ses-1/eeg/sub-119_ses-1_task-EyesClosed_acq-pre_eeg.edf,6a558cd5852503e66df9ac7fdac2f3a7f4ed5f12,1.0.3,23806896,356c6cbf580958c61ac13c967fa1cddafe2e92fbc1543e94ec78e5a84b91cd85,182,183.0,183,1.0,16896,,True,65,1000,1000.0,FCz,64,64,True,True,True,True,1,ONLY-INITIAL-BOUNDARY,True,False,False,True,True,,ASSESSED-TIME-DOMAIN-ONLY,True,True,42,111111111111111111111111111111111111111111,,200,200,200,True,True,
sub-120,sub-120/ses-1/eeg/sub-120_ses-1_task-EyesClosed_acq-pre_eeg.edf,6a558cd5852503e66df9ac7fdac2f3a7f4ed5f12,1.0.3,23806896,6ded546d5dff483829efc98e19ae2b5ba3d9105ea38ab1f383de2c8081f5edb3,183,183.0,183,1.0,16896,,True,65,1000,1000.0,FCz,64,64,True,True,True,True,1,ONLY-INITIAL-BOUNDARY,True,False,False,True,True,,ASSESSED-TIME-DOMAIN-ONLY,True,True,42,111111111111111111111111111111111111111111,,200,200,200,True,True,
sub-121,sub-121/ses-1/eeg/sub-121_ses-1_task-EyesClosed_acq-pre_eeg.edf,6a558cd5852503e66df9ac7fdac2f3a7f4ed5f12,1.0.3,23806896,8ac275268a34b5e0606d8c037157cf82206c29cdefd45cdfeb45b87eb5ddadad,182,183.0,183,1.0,16896,,True,65,1000,1000.0,FCz,64,64,True,True,True,True,1,ONLY-INITIAL-BOUNDARY,True,False,False,True,True,,ASSESSED-TIME-DOMAIN-ONLY,True,True,41,111111111111111111111111111111111111101111,37:centered_abs_gt_500uV,200,200,200,False,True,
sub-122,sub-122/ses-1/eeg/sub-122_ses-1_task-EyesClosed_acq-pre_eeg.edf,6a558cd5852503e66df9ac7fdac2f3a7f4ed5f12,1.0.3,23806896,1d06501b7ccad645e194ad948960d0ee5b9921937d404b3de62eda58b89e2b99,182,183.0,183,1.0,16896,,True,65,1000,1000.0,FCz,64,64,True,True,True,True,1,ONLY-INITIAL-BOUNDARY,True,False,False,True,True,,ASSESSED-TIME-DOMAIN-ONLY,True,True,42,111111111111111111111111111111111111111111,,200,200,200,True,True,
sub-123,sub-123/ses-1/eeg/sub-123_ses-1_task-EyesClosed_acq-pre_eeg.edf,6a558cd5852503e66df9ac7fdac2f3a7f4ed5f12,1.0.3,24846896,96d0c75f5dad4422109711edbb51e96ee836f4e90082dce1bfd4b152efc384ca,191,191.0,191,1.0,16896,,True,65,1000,1000.0,FCz,64,64,True,True,True,True,1,ONLY-INITIAL-BOUNDARY,True,False,False,True,True,,ASSESSED-TIME-DOMAIN-ONLY,True,True,42,111111111111111111111111111111111111111111,,200,200,200,True,True,
sub-124,sub-124/ses-1/eeg/sub-124_ses-1_task-EyesClosed_acq-pre_eeg.edf,6a558cd5852503e66df9ac7fdac2f3a7f4ed5f12,1.0.3,24326896,140121054cf4a5b68eedbaf84228f1c8532b1ba59954c6f164d3ec69285665cf,186,187.0,187,1.0,16896,,True,65,1000,1000.0,FCz,64,64,True,True,True,True,1,ONLY-INITIAL-BOUNDARY,True,False,False,True,True,,ASSESSED-TIME-DOMAIN-ONLY,True,True,42,111111111111111111111111111111111111111111,,200,200,200,True,True,
sub-125,sub-125/ses-1/eeg/sub-125_ses-1_task-EyesClosed_acq-pre_eeg.edf,6a558cd5852503e66df9ac7fdac2f3a7f4ed5f12,1.0.3,23806896,8d0d9424f8fc5de87cd95cfe790d7cf7e5458572faabad7c6b829f0ff40ec986,183,183.0,183,1.0,16896,,True,65,1000,1000.0,FCz,64,64,True,True,True,True,1,ONLY-INITIAL-BOUNDARY,True,False,False,True,True,,ASSESSED-TIME-DOMAIN-ONLY,True,True,42,111111111111111111111111111111111111111111,,200,200,200,True,True,
sub-126,sub-126/ses-1/eeg/sub-126_ses-1_task-EyesClosed_acq-pre_eeg.edf,6a558cd5852503e66df9ac7fdac2f3a7f4ed5f12,1.0.3,23806896,c04ec02d6b84bd6129ea7faaa0b8b6d31b0e791fd96934bfd2dbbd2f08cbbd24,183,183.0,183,1.0,16896,,True,65,1000,1000.0,FCz,64,64,True,True,True,True,1,ONLY-INITIAL-BOUNDARY,True,False,False,True,True,,ASSESSED-TIME-DOMAIN-ONLY,True,True,42,111111111111111111111111111111111111111111,,200,200,200,True,True,
sub-127,sub-127/ses-1/eeg/sub-127_ses-1_task-EyesClosed_acq-pre_eeg.edf,6a558cd5852503e66df9ac7fdac2f3a7f4ed5f12,1.0.3,24716896,ffda90ebcc94a1852e2b20193c857cbd743697cc85b724386fd0f6b4fb66e991,189,190.0,190,1.0,16896,,True,65,1000,1000.0,FCz,64,64,True,True,True,True,1,ONLY-INITIAL-BOUNDARY,True,False,False,True,True,,ASSESSED-TIME-DOMAIN-ONLY,True,True,42,111111111111111111111111111111111111111111,,200,200,200,True,True,
sub-128,sub-128/ses-1/eeg/sub-128_ses-1_task-EyesClosed_acq-pre_eeg.edf,6a558cd5852503e66df9ac7fdac2f3a7f4ed5f12,1.0.3,25106896,9b22b3324c6ace790bc3a1f9e76e70da16cf567b32e73b0cd4d7b282b212b456,192,193.0,193,1.0,16896,,True,65,1000,1000.0,FCz,64,64,True,True,True,True,1,ONLY-INITIAL-BOUNDARY,True,False,False,True,True,,ASSESSED-TIME-DOMAIN-ONLY,True,True,42,111111111111111111111111111111111111111111,,200,200,200,True,True,
sub-129,sub-129/ses-1/eeg/sub-129_ses-1_task-EyesClosed_acq-pre_eeg.edf,6a558cd5852503e66df9ac7fdac2f3a7f4ed5f12,1.0.3,24586896,5500b15f9d12aad10e695b4fc99541cb0ca0fa04d49640c0fd654c053c847686,188,189.0,189,1.0,16896,,True,65,1000,1000.0,FCz,64,64,True,True,True,True,1,ONLY-INITIAL-BOUNDARY,True,False,False,True,True,,ASSESSED-TIME-DOMAIN-ONLY,True,True,42,111111111111111111111111111111111111111111,,200,200,200,True,True,
sub-130,sub-130/ses-1/eeg/sub-130_ses-1_task-EyesClosed_acq-pre_eeg.edf,6a558cd5852503e66df9ac7fdac2f3a7f4ed5f12,1.0.3,23806896,891a9a924585d9a30155aa326d858c15f58efea84acc6ca17666f554b922d570,182,183.0,183,1.0,16896,,True,65,1000,1000.0,FCz,64,64,True,True,True,True,1,ONLY-INITIAL-BOUNDARY,True,False,False,True,True,,ASSESSED-TIME-DOMAIN-ONLY,True,True,42,111111111111111111111111111111111111111111,,200,200,200,True,True,
sub-131,sub-131/ses-1/eeg/sub-131_ses-1_task-EyesClosed_acq-pre_eeg.edf,6a558cd5852503e66df9ac7fdac2f3a7f4ed5f12,1.0.3,25626896,a3f0136734b366b1e9cc7c9f00bd77276c4c3dc5e14754c47ddf9f9410abc3e6,197,197.0,197,1.0,16896,,True,65,1000,1000.0,FCz,64,64,True,True,True,True,1,ONLY-INITIAL-BOUNDARY,True,False,False,True,True,,ASSESSED-TIME-DOMAIN-ONLY,True,True,42,111111111111111111111111111111111111111111,,200,200,200,True,True,
sub-132,sub-132/ses-1/eeg/sub-132_ses-1_task-EyesClosed_acq-pre_eeg.edf,6a558cd5852503e66df9ac7fdac2f3a7f4ed5f12,1.0.3,23676896,27c69d16b92a6cfcb1193ebecc8365272bee8714f9c400824f64ff0f934d6ad8,181,182.0,182,1.0,16896,,True,65,1000,1000.0,FCz,64,64,True,True,True,True,1,ONLY-INITIAL-BOUNDARY,True,False,False,True,True,,ASSESSED-TIME-DOMAIN-ONLY,True,True,42,111111111111111111111111111111111111111111,,200,200,200,True,True,
sub-133,sub-133/ses-1/eeg/sub-133_ses-1_task-EyesClosed_acq-pre_eeg.edf,6a558cd5852503e66df9ac7fdac2f3a7f4ed5f12,1.0.3,24066896,2bcce639ac3f1d3c0125c07eb15c888fce91411218fa9442f7927290bc7e99d7,184,185.0,185,1.0,16896,,True,65,1000,1000.0,FCz,64,64,True,True,True,True,1,ONLY-INITIAL-BOUNDARY,True,False,False,True,True,,ASSESSED-TIME-DOMAIN-ONLY,True,True,42,111111111111111111111111111111111111111111,,200,200,200,True,True,
sub-134,sub-134/ses-1/eeg/sub-134_ses-1_task-EyesClosed_acq-pre_eeg.edf,6a558cd5852503e66df9ac7fdac2f3a7f4ed5f12,1.0.3,23936896,20b7b112dd4be1cdb96282a5a2771129a725f5427d9229f7aa4aabb91d0ed9c5,183,184.0,184,1.0,16896,,True,65,1000,1000.0,FCz,64,64,True,True,True,True,1,ONLY-INITIAL-BOUNDARY,True,False,False,True,True,,ASSESSED-TIME-DOMAIN-ONLY,True,True,42,111111111111111111111111111111111111111111,,200,200,200,True,True,
sub-135,sub-135/ses-1/eeg/sub-135_ses-1_task-EyesClosed_acq-pre_eeg.edf,6a558cd5852503e66df9ac7fdac2f3a7f4ed5f12,1.0.3,23806896,12891ae3f26837ccd4dee4db2b4ccd95686878298659ef7282d6f06e9ef97774,183,183.0,183,1.0,16896,,True,65,1000,1000.0,FCz,64,64,True,True,True,True,1,ONLY-INITIAL-BOUNDARY,True,False,False,True,True,,ASSESSED-TIME-DOMAIN-ONLY,True,True,42,111111111111111111111111111111111111111111,,200,200,200,True,True,
sub-136,sub-136/ses-1/eeg/sub-136_ses-1_task-EyesClosed_acq-pre_eeg.edf,6a558cd5852503e66df9ac7fdac2f3a7f4ed5f12,1.0.3,23676896,5eb7c293ba3807643a676c85b22ba371964d4aed53fb1c514a0a03d4dcbd11cf,182,182.0,182,1.0,16896,,True,65,1000,1000.0,FCz,64,64,True,True,True,True,1,ONLY-INITIAL-BOUNDARY,True,False,False,True,True,,ASSESSED-TIME-DOMAIN-ONLY,True,True,42,111111111111111111111111111111111111111111,,200,200,200,True,True,
sub-137,sub-137/ses-1/eeg/sub-137_ses-1_task-EyesClosed_acq-pre_eeg.edf,6a558cd5852503e66df9ac7fdac2f3a7f4ed5f12,1.0.3,25236896,0517af9735c2e6560aa9f7a8273c6e0181e207b34f75408ab537e7d164d08b50,193,194.0,194,1.0,16896,,True,65,1000,1000.0,FCz,64,64,True,True,True,True,1,ONLY-INITIAL-BOUNDARY,True,False,False,True,True,,ASSESSED-TIME-DOMAIN-ONLY,True,True,42,111111111111111111111111111111111111111111,,200,200,200,True,True,
sub-138,sub-138/ses-1/eeg/sub-138_ses-1_task-EyesClosed_acq-pre_eeg.edf,6a558cd5852503e66df9ac7fdac2f3a7f4ed5f12,1.0.3,23676896,99e901cb38b346d8ddfccbd9abd36e69f5b0d2b8d493adee35e8da5b960a5554,182,182.0,182,1.0,16896,,True,65,1000,1000.0,FCz,64,64,True,True,True,True,372,OTHER-TASK-MARKERS,True,False,True,True,False,other_task_markers,NOT-ASSESSED-STRUCTURAL-FAIL,False,False,,,,,,,False,False,other_task_markers
sub-139,sub-139/ses-1/eeg/sub-139_ses-1_task-EyesClosed_acq-pre_eeg.edf,6a558cd5852503e66df9ac7fdac2f3a7f4ed5f12,1.0.3,24326896,ebacbec45b458663379db5cd78c6cb77491f885720b8e955398bd0da71f412d2,187,187.0,187,1.0,16896,,True,65,1000,1000.0,FCz,64,64,True,True,True,True,1,ONLY-INITIAL-BOUNDARY,True,False,False,True,True,,ASSESSED-TIME-DOMAIN-ONLY,True,True,42,111111111111111111111111111111111111111111,,200,200,200,True,True,
sub-140,sub-140/ses-1/eeg/sub-140_ses-1_task-EyesClosed_acq-pre_eeg.edf,6a558cd5852503e66df9ac7fdac2f3a7f4ed5f12,1.0.3,24326896,3cad13f6cec7379966dd530cb7db18a6110035fbd9e5737b233941f774634f8b,186,187.0,187,1.0,16896,,True,65,1000,1000.0,FCz,64,64,True,True,True,True,1,ONLY-INITIAL-BOUNDARY,True,False,False,True,True,,ASSESSED-TIME-DOMAIN-ONLY,True,True,42,111111111111111111111111111111111111111111,,200,200,200,True,True,
sub-141,sub-141/ses-1/eeg/sub-141_ses-1_task-EyesClosed_acq-pre_eeg.edf,6a558cd5852503e66df9ac7fdac2f3a7f4ed5f12,1.0.3,23806896,3b23c73c43bc62fc5e2948c8cb7e0cd55c35587ec4d231754455f9e2a315bdd0,183,183.0,183,1.0,16896,,True,65,1000,1000.0,FCz,64,64,True,True,True,True,1,ONLY-INITIAL-BOUNDARY,True,False,False,True,True,,ASSESSED-TIME-DOMAIN-ONLY,True,True,42,111111111111111111111111111111111111111111,,200,200,200,True,True,
sub-142,sub-142/ses-1/eeg/sub-142_ses-1_task-EyesClosed_acq-pre_eeg.edf,6a558cd5852503e66df9ac7fdac2f3a7f4ed5f12,1.0.3,23806896,c62f3d8231a0754339a74df2e70192f4425e3812f928265548fe0569e3e400bf,182,183.0,183,1.0,16896,,True,65,1000,1000.0,FCz,64,64,True,True,True,True,2,USB-DISCONNECT-ANNOTATION,True,True,False,True,False,usb_disconnect_annotation,NOT-ASSESSED-STRUCTURAL-FAIL,False,False,,,,,,,False,False,usb_disconnect_annotation
sub-143,sub-143/ses-1/eeg/sub-143_ses-1_task-EyesClosed_acq-pre_eeg.edf,6a558cd5852503e66df9ac7fdac2f3a7f4ed5f12,1.0.3,24196896,51327806e73c8a4a6bfe43e9e6cad3ba8479fec30feb8f28ad1e3ea0ce13353d,186,186.0,186,1.0,16896,,True,65,1000,1000.0,FCz,64,64,True,True,True,True,2,USB-DISCONNECT-ANNOTATION,True,True,False,True,False,usb_disconnect_annotation,NOT-ASSESSED-STRUCTURAL-FAIL,False,False,,,,,,,False,False,usb_disconnect_annotation
sub-144,sub-144/ses-1/eeg/sub-144_ses-1_task-EyesClosed_acq-pre_eeg.edf,6a558cd5852503e66df9ac7fdac2f3a7f4ed5f12,1.0.3,23806896,9d7e302309ab3500ad9510bc5c0d154297f0740ca4b6a168f848b2c0df2f800e,183,183.0,183,1.0,16896,,True,65,1000,1000.0,FCz,64,64,True,True,True,True,1,ONLY-INITIAL-BOUNDARY,True,False,False,True,True,,ASSESSED-TIME-DOMAIN-ONLY,True,True,42,111111111111111111111111111111111111111111,,200,200,200,True,True,
sub-145,sub-145/ses-1/eeg/sub-145_ses-1_task-EyesClosed_acq-pre_eeg.edf,6a558cd5852503e66df9ac7fdac2f3a7f4ed5f12,1.0.3,23806896,4d601841ce9b2dad9d46a6d83c996cabe1d9cbd375f82db2e6e5a28e8f229447,183,183.0,183,1.0,16896,,True,65,1000,1000.0,FCz,64,64,True,True,True,True,1,ONLY-INITIAL-BOUNDARY,True,False,False,True,True,,ASSESSED-TIME-DOMAIN-ONLY,True,True,42,111111111111111111111111111111111111111111,,200,200,200,True,True,
sub-146,sub-146/ses-1/eeg/sub-146_ses-1_task-EyesClosed_acq-pre_eeg.edf,6a558cd5852503e66df9ac7fdac2f3a7f4ed5f12,1.0.3,24066896,e10a030140dfbbb97618787aef793cb826893b9fc14bfcabb89285c990378fe5,185,185.0,185,1.0,16896,,True,65,1000,1000.0,FCz,64,64,True,True,True,True,1,ONLY-INITIAL-BOUNDARY,True,False,False,True,True,,ASSESSED-TIME-DOMAIN-ONLY,True,True,42,111111111111111111111111111111111111111111,,200,200,200,True,True,
sub-147,sub-147/ses-1/eeg/sub-147_ses-1_task-EyesClosed_acq-pre_eeg.edf,6a558cd5852503e66df9ac7fdac2f3a7f4ed5f12,1.0.3,23676896,33e2886b664c33e5d4009326d7d886fae17cc9865bc6746d55e9fb40b2c3a542,182,182.0,182,1.0,16896,,True,65,1000,1000.0,FCz,64,64,True,True,True,True,1,ONLY-INITIAL-BOUNDARY,True,False,False,True,True,,ASSESSED-TIME-DOMAIN-ONLY,True,True,42,111111111111111111111111111111111111111111,,200,200,200,True,True,
sub-148,sub-148/ses-1/eeg/sub-148_ses-1_task-EyesClosed_acq-pre_eeg.edf,6a558cd5852503e66df9ac7fdac2f3a7f4ed5f12,1.0.3,24066896,02a7fbc7b198359086e7229d6ca03c5aaedd56c849a1522ec685a83c81a19b52,185,185.0,185,1.0,16896,,True,65,1000,1000.0,FCz,64,64,True,True,True,True,1,ONLY-INITIAL-BOUNDARY,True,False,False,True,True,,ASSESSED-TIME-DOMAIN-ONLY,True,True,42,111111111111111111111111111111111111111111,,200,200,200,True,True,
sub-149,sub-149/ses-1/eeg/sub-149_ses-1_task-EyesClosed_acq-pre_eeg.edf,6a558cd5852503e66df9ac7fdac2f3a7f4ed5f12,1.0.3,23546896,afa6de1439fc1eda241b809282d6f436c0f836ca84fd3a10c90ce91faf5e71f9,180,181.0,181,1.0,16896,,True,65,1000,1000.0,FCz,64,64,True,True,True,True,1,ONLY-INITIAL-BOUNDARY,True,False,False,True,True,,ASSESSED-TIME-DOMAIN-ONLY,True,True,42,111111111111111111111111111111111111111111,,200,200,200,True,True,
sub-150,sub-150/ses-1/eeg/sub-150_ses-1_task-EyesClosed_acq-pre_eeg.edf,6a558cd5852503e66df9ac7fdac2f3a7f4ed5f12,1.0.3,23936896,63145b8241dc9cef16b1520bc208be92fa490b8241fd85f9b349a466eda84d35,183,184.0,184,1.0,16896,,True,65,1000,1000.0,FCz,64,64,True,True,True,True,1,ONLY-INITIAL-BOUNDARY,True,False,False,True,True,,ASSESSED-TIME-DOMAIN-ONLY,True,True,42,111111111111111111111111111111111111111111,,200,200,200,True,True,
sub-151,sub-151/ses-1/eeg/sub-151_ses-1_task-EyesClosed_acq-pre_eeg.edf,6a558cd5852503e66df9ac7fdac2f3a7f4ed5f12,1.0.3,23806896,91fa5f98ff7f21250f02f2cc6a8cf76e434e9d7ef894303bdfd5b036bef67319,183,183.0,183,1.0,16896,,True,65,1000,1000.0,FCz,64,64,True,True,True,True,1,ONLY-INITIAL-BOUNDARY,True,False,False,True,True,,ASSESSED-TIME-DOMAIN-ONLY,True,True,42,111111111111111111111111111111111111111111,,200,200,200,True,True,
sub-152,sub-152/ses-1/eeg/sub-152_ses-1_task-EyesClosed_acq-pre_eeg.edf,6a558cd5852503e66df9ac7fdac2f3a7f4ed5f12,1.0.3,24196896,2192c774291d627d1469b8117ebdc30f271468a70ff6d46eb8747230f66d21d3,186,186.0,186,1.0,16896,,True,65,1000,1000.0,FCz,64,64,True,True,True,True,1,ONLY-INITIAL-BOUNDARY,True,False,False,True,True,,ASSESSED-TIME-DOMAIN-ONLY,True,True,42,111111111111111111111111111111111111111111,,200,200,200,True,True,
sub-153,sub-153/ses-1/eeg/sub-153_ses-1_task-EyesClosed_acq-pre_eeg.edf,6a558cd5852503e66df9ac7fdac2f3a7f4ed5f12,1.0.3,23806896,fccbed3270ffe6cf6faa1302bbe40d210a34e334bfbda9f5dfed5958487498ad,182,183.0,183,1.0,16896,,True,65,1000,1000.0,FCz,64,64,True,True,True,True,1,ONLY-INITIAL-BOUNDARY,True,False,False,True,True,,ASSESSED-TIME-DOMAIN-ONLY,True,True,42,111111111111111111111111111111111111111111,,200,200,200,True,True,
sub-154,sub-154/ses-1/eeg/sub-154_ses-1_task-EyesClosed_acq-pre_eeg.edf,6a558cd5852503e66df9ac7fdac2f3a7f4ed5f12,1.0.3,24326896,bdb4f27c27d0f9a5ba39427470f278d52f0ba4df55b43e1cec33396df70046fc,186,187.0,187,1.0,16896,,True,65,1000,1000.0,FCz,64,64,True,True,True,True,1,ONLY-INITIAL-BOUNDARY,True,False,False,True,True,,ASSESSED-TIME-DOMAIN-ONLY,True,True,42,111111111111111111111111111111111111111111,,200,200,200,True,True,
sub-155,sub-155/ses-1/eeg/sub-155_ses-1_task-EyesClosed_acq-pre_eeg.edf,6a558cd5852503e66df9ac7fdac2f3a7f4ed5f12,1.0.3,23936896,b3a16e62e07a3dcedcfdd4a37913133dd8d576264f54ed40b45310f904ec6b1e,184,184.0,184,1.0,16896,,True,65,1000,1000.0,FCz,64,64,True,True,True,True,1,ONLY-INITIAL-BOUNDARY,True,False,False,True,True,,ASSESSED-TIME-DOMAIN-ONLY,True,True,42,111111111111111111111111111111111111111111,,200,200,200,True,True,
sub-156,sub-156/ses-1/eeg/sub-156_ses-1_task-EyesClosed_acq-pre_eeg.edf,6a558cd5852503e66df9ac7fdac2f3a7f4ed5f12,1.0.3,24976896,a08388e33ff6dbd780242af00dc393a9c7f418c1813acbdabf16bb32ce725e85,191,192.0,192,1.0,16896,,True,65,1000,1000.0,FCz,64,64,True,True,True,True,2,USB-DISCONNECT-ANNOTATION,True,True,False,True,False,usb_disconnect_annotation,NOT-ASSESSED-STRUCTURAL-FAIL,False,False,,,,,,,False,False,usb_disconnect_annotation
sub-157,sub-157/ses-1/eeg/sub-157_ses-1_task-EyesClosed_acq-pre_eeg.edf,6a558cd5852503e66df9ac7fdac2f3a7f4ed5f12,1.0.3,25626896,770613412868316d3528226094f0e0165db345174798e887f5e44e27b046159e,196,197.0,197,1.0,16896,,True,65,1000,1000.0,FCz,64,64,True,True,True,True,1,ONLY-INITIAL-BOUNDARY,True,False,False,True,True,,ASSESSED-TIME-DOMAIN-ONLY,True,True,42,111111111111111111111111111111111111111111,,200,200,200,True,True,
sub-158,sub-158/ses-1/eeg/sub-158_ses-1_task-EyesClosed_acq-pre_eeg.edf,6a558cd5852503e66df9ac7fdac2f3a7f4ed5f12,1.0.3,24326896,e417cb926d405d36b2a6a40b481649d8bdefc378acca207380f218b009014fa6,186,187.0,187,1.0,16896,,True,65,1000,1000.0,FCz,64,64,True,True,True,True,1,ONLY-INITIAL-BOUNDARY,True,False,False,True,True,,ASSESSED-TIME-DOMAIN-ONLY,True,True,42,111111111111111111111111111111111111111111,,200,200,200,True,True,
sub-159,sub-159/ses-1/eeg/sub-159_ses-1_task-EyesClosed_acq-pre_eeg.edf,6a558cd5852503e66df9ac7fdac2f3a7f4ed5f12,1.0.3,23806896,cbe50d70f071425dd7b975150d24b91e3e629ed3a31992393b580a0ded828e7e,182,183.0,183,1.0,16896,,True,65,1000,1000.0,FCz,64,64,True,True,True,True,1,ONLY-INITIAL-BOUNDARY,True,False,False,True,True,,ASSESSED-TIME-DOMAIN-ONLY,True,True,42,111111111111111111111111111111111111111111,,200,200,200,True,True,
sub-160,sub-160/ses-1/eeg/sub-160_ses-1_task-EyesClosed_acq-pre_eeg.edf,6a558cd5852503e66df9ac7fdac2f3a7f4ed5f12,1.0.3,27186896,a799e42ac369fa70b45f3fcd6a9f9b6b05d7fcd7aa69c1057d8e52942d6def6e,208,209.0,209,1.0,16896,,True,65,1000,1000.0,FCz,64,64,True,True,True,True,1,ONLY-INITIAL-BOUNDARY,True,False,False,True,True,,ASSESSED-TIME-DOMAIN-ONLY,True,True,42,111111111111111111111111111111111111111111,,200,200,200,True,True,
sub-161,sub-161/ses-1/eeg/sub-161_ses-1_task-EyesClosed_acq-pre_eeg.edf,6a558cd5852503e66df9ac7fdac2f3a7f4ed5f12,1.0.3,26016896,f59c989dd852df115b92d2c74b1d66426912d93620b78a811cb25a3f4b52bde6,199,200.0,200,1.0,16896,,True,65,1000,1000.0,FCz,64,64,True,True,True,True,1,ONLY-INITIAL-BOUNDARY,True,False,False,True,True,,ASSESSED-TIME-DOMAIN-ONLY,True,True,42,111111111111111111111111111111111111111111,,200,200,200,True,True,
sub-162,sub-162/ses-1/eeg/sub-162_ses-1_task-EyesClosed_acq-pre_eeg.edf,6a558cd5852503e66df9ac7fdac2f3a7f4ed5f12,1.0.3,25106896,312df18fae26a792ed8aa728f9d6bd03002f41ff0708403fd3a9e21c897f4f02,193,193.0,193,1.0,16896,,True,65,1000,1000.0,FCz,64,64,True,True,True,True,1,ONLY-INITIAL-BOUNDARY,True,False,False,True,True,,ASSESSED-TIME-DOMAIN-ONLY,True,True,42,111111111111111111111111111111111111111111,,200,200,200,True,True,
sub-163,sub-163/ses-1/eeg/sub-163_ses-1_task-EyesClosed_acq-pre_eeg.edf,6a558cd5852503e66df9ac7fdac2f3a7f4ed5f12,1.0.3,23806896,9f3811c60834aa33f7c0448a06717dcd3996e7258901b731d3a0d87dd7ce244e,182,183.0,183,1.0,16896,,True,65,1000,1000.0,FCz,64,64,True,True,True,True,1,ONLY-INITIAL-BOUNDARY,True,False,False,True,True,,ASSESSED-TIME-DOMAIN-ONLY,True,True,42,111111111111111111111111111111111111111111,,200,200,200,True,True,
sub-164,sub-164/ses-1/eeg/sub-164_ses-1_task-EyesClosed_acq-pre_eeg.edf,6a558cd5852503e66df9ac7fdac2f3a7f4ed5f12,1.0.3,23676896,9c99836ffa188c17d0fa240a5e68fe938fd37acef0b447313a55d3a8d13b398a,181,182.0,182,1.0,16896,,True,65,1000,1000.0,FCz,64,64,True,True,True,True,1,ONLY-INITIAL-BOUNDARY,True,False,False,True,True,,ASSESSED-TIME-DOMAIN-ONLY,True,True,42,111111111111111111111111111111111111111111,,200,200,200,True,True,
sub-165,sub-165/ses-1/eeg/sub-165_ses-1_task-EyesClosed_acq-pre_eeg.edf,6a558cd5852503e66df9ac7fdac2f3a7f4ed5f12,1.0.3,24066896,c9168874bab29895083e1ac40f315b9fc2d7fd80ae273daa0fe3fd0861363fdf,184,185.0,185,1.0,16896,,True,65,1000,1000.0,FCz,64,64,True,True,True,True,1,ONLY-INITIAL-BOUNDARY,True,False,False,True,True,,ASSESSED-TIME-DOMAIN-ONLY,True,True,42,111111111111111111111111111111111111111111,,200,200,200,True,True,
sub-166,sub-166/ses-1/eeg/sub-166_ses-1_task-EyesClosed_acq-pre_eeg.edf,6a558cd5852503e66df9ac7fdac2f3a7f4ed5f12,1.0.3,23936896,cb3226ca7917b3ffd19e35bf22a494144ed399129f91b03409df512a58a5cbd6,184,184.0,184,1.0,16896,,True,65,1000,1000.0,FCz,64,64,True,True,True,True,1,ONLY-INITIAL-BOUNDARY,True,False,False,True,True,,ASSESSED-TIME-DOMAIN-ONLY,True,True,42,111111111111111111111111111111111111111111,,200,200,200,True,True,
sub-167,sub-167/ses-1/eeg/sub-167_ses-1_task-EyesClosed_acq-pre_eeg.edf,6a558cd5852503e66df9ac7fdac2f3a7f4ed5f12,1.0.3,23806896,d397465f4a72c2ae6e0a93762ebe5bc51e6a9e2dfa34ea6eeb39a101ff9de5c2,182,183.0,183,1.0,16896,,True,65,1000,1000.0,FCz,64,64,True,True,True,True,1,ONLY-INITIAL-BOUNDARY,True,False,False,True,True,,ASSESSED-TIME-DOMAIN-ONLY,True,True,42,111111111111111111111111111111111111111111,,200,200,200,True,True,
sub-168,sub-168/ses-1/eeg/sub-168_ses-1_task-EyesClosed_acq-pre_eeg.edf,6a558cd5852503e66df9ac7fdac2f3a7f4ed5f12,1.0.3,23676896,a3c0508b8e5b869385c582001cebaca2126560595615906bee63765ad90a5d11,182,182.0,182,1.0,16896,,True,65,1000,1000.0,FCz,64,64,True,True,True,True,1,ONLY-INITIAL-BOUNDARY,True,False,False,True,True,,ASSESSED-TIME-DOMAIN-ONLY,True,True,42,111111111111111111111111111111111111111111,,200,200,200,True,True,
sub-169,sub-169/ses-1/eeg/sub-169_ses-1_task-EyesClosed_acq-pre_eeg.edf,6a558cd5852503e66df9ac7fdac2f3a7f4ed5f12,1.0.3,23806896,0f1658363f9d83ad16eed10170fa945917d9804450b18acd475bd8f63e3ca1ae,183,183.0,183,1.0,16896,,True,65,1000,1000.0,FCz,64,64,True,True,True,True,1,ONLY-INITIAL-BOUNDARY,True,False,False,True,True,,ASSESSED-TIME-DOMAIN-ONLY,True,True,42,111111111111111111111111111111111111111111,,200,200,200,True,True,
sub-170,sub-170/ses-1/eeg/sub-170_ses-1_task-EyesClosed_acq-pre_eeg.edf,6a558cd5852503e66df9ac7fdac2f3a7f4ed5f12,1.0.3,23676896,4030895f10e93a0b8c12b39655b4ebe98d4622935804caa5782c32fea2c947fe,182,182.0,182,1.0,16896,,True,65,1000,1000.0,FCz,64,64,True,True,True,True,1,ONLY-INITIAL-BOUNDARY,True,False,False,True,True,,ASSESSED-TIME-DOMAIN-ONLY,True,True,42,111111111111111111111111111111111111111111,,200,200,200,True,True,
sub-171,sub-171/ses-1/eeg/sub-171_ses-1_task-EyesClosed_acq-pre_eeg.edf,6a558cd5852503e66df9ac7fdac2f3a7f4ed5f12,1.0.3,23806896,515a63d6dc210ddfbef63c1a6515ed926d82a181389d269829c17d0e6178ab77,183,183.0,183,1.0,16896,,True,65,1000,1000.0,FCz,64,64,True,True,True,True,1,ONLY-INITIAL-BOUNDARY,True,False,False,True,True,,ASSESSED-TIME-DOMAIN-ONLY,True,True,42,111111111111111111111111111111111111111111,,200,200,200,True,True,
sub-172,sub-172/ses-1/eeg/sub-172_ses-1_task-EyesClosed_acq-pre_eeg.edf,6a558cd5852503e66df9ac7fdac2f3a7f4ed5f12,1.0.3,24066896,67158e287239e35edc555496338c909b4c333d29b5fad28859a778f596b6e7e8,185,185.0,185,1.0,16896,,True,65,1000,1000.0,FCz,64,64,True,True,True,True,1,ONLY-INITIAL-BOUNDARY,True,False,False,True,True,,ASSESSED-TIME-DOMAIN-ONLY,True,True,42,111111111111111111111111111111111111111111,,200,200,200,True,True,
sub-173,sub-173/ses-1/eeg/sub-173_ses-1_task-EyesClosed_acq-pre_eeg.edf,6a558cd5852503e66df9ac7fdac2f3a7f4ed5f12,1.0.3,23676896,834cedb3bb48d1d141bf57cd0a3cc2dda9d5d959ce85c140f8c5450adf1435f1,182,182.0,182,1.0,16896,,True,65,1000,1000.0,FCz,64,64,True,True,True,True,1,ONLY-INITIAL-BOUNDARY,True,False,False,True,True,,ASSESSED-TIME-DOMAIN-ONLY,True,True,42,111111111111111111111111111111111111111111,,200,200,200,True,True,
sub-174,sub-174/ses-1/eeg/sub-174_ses-1_task-EyesClosed_acq-pre_eeg.edf,6a558cd5852503e66df9ac7fdac2f3a7f4ed5f12,1.0.3,25366896,51b5777ee6de50640509e1eaf65242ecb4519f124cca0e1b9e3130aea4f21f95,194,195.0,195,1.0,16896,,True,65,1000,1000.0,FCz,64,64,True,True,True,True,1,ONLY-INITIAL-BOUNDARY,True,False,False,True,True,,ASSESSED-TIME-DOMAIN-ONLY,True,True,42,111111111111111111111111111111111111111111,,200,200,200,True,True,
sub-175,sub-175/ses-1/eeg/sub-175_ses-1_task-EyesClosed_acq-pre_eeg.edf,6a558cd5852503e66df9ac7fdac2f3a7f4ed5f12,1.0.3,25236896,8c027f26f9d255dfa51eb5a7d912e9c0eaf0d361467dc067c3d20cfeea5eb569,194,194.0,194,1.0,16896,,True,65,1000,1000.0,FCz,64,64,True,True,True,True,1,ONLY-INITIAL-BOUNDARY,True,False,False,True,True,,ASSESSED-TIME-DOMAIN-ONLY,True,True,42,111111111111111111111111111111111111111111,,200,200,200,True,True,
sub-176,sub-176/ses-1/eeg/sub-176_ses-1_task-EyesClosed_acq-pre_eeg.edf,6a558cd5852503e66df9ac7fdac2f3a7f4ed5f12,1.0.3,23676896,114b24ca4ca7daa10ad4c8b0f246d0027b03ffb325b24e96acc814b8208ee4da,182,182.0,182,1.0,16896,,True,65,1000,1000.0,FCz,64,64,True,True,True,True,21,OTHER-TASK-MARKERS,True,False,True,True,False,other_task_markers,NOT-ASSESSED-STRUCTURAL-FAIL,False,False,,,,,,,False,False,other_task_markers
sub-177,sub-177/ses-1/eeg/sub-177_ses-1_task-EyesClosed_acq-pre_eeg.edf,6a558cd5852503e66df9ac7fdac2f3a7f4ed5f12,1.0.3,24326896,e58b5056098af06d1dfd973c3519aa2b2a647eae768a1c72704b227aa164aac1,186,187.0,187,1.0,16896,,True,65,1000,1000.0,FCz,64,64,True,True,True,True,1,ONLY-INITIAL-BOUNDARY,True,False,False,True,True,,ASSESSED-TIME-DOMAIN-ONLY,True,True,42,111111111111111111111111111111111111111111,,200,200,200,True,True,
sub-178,sub-178/ses-1/eeg/sub-178_ses-1_task-EyesClosed_acq-pre_eeg.edf,6a558cd5852503e66df9ac7fdac2f3a7f4ed5f12,1.0.3,23806896,15c7ed31320d14d000055357c90a2c0e44dba527bb0fbccda4d6a89a6f729190,183,183.0,183,1.0,16896,,True,65,1000,1000.0,FCz,64,64,True,True,True,True,1,ONLY-INITIAL-BOUNDARY,True,False,False,True,True,,ASSESSED-TIME-DOMAIN-ONLY,True,True,42,111111111111111111111111111111111111111111,,200,200,200,True,True,
sub-179,sub-179/ses-1/eeg/sub-179_ses-1_task-EyesClosed_acq-pre_eeg.edf,6a558cd5852503e66df9ac7fdac2f3a7f4ed5f12,1.0.3,24326896,b1e6ca70d3c32385ba628ebbb75036447ff921a09020ed62c5798a7862b1a051,186,187.0,187,1.0,16896,,True,65,1000,1000.0,FCz,64,64,True,True,True,True,947,OTHER-TASK-MARKERS,True,False,True,True,False,other_task_markers,NOT-ASSESSED-STRUCTURAL-FAIL,False,False,,,,,,,False,False,other_task_markers
sub-180,sub-180/ses-1/eeg/sub-180_ses-1_task-EyesClosed_acq-pre_eeg.edf,6a558cd5852503e66df9ac7fdac2f3a7f4ed5f12,1.0.3,23806896,ed9f851d00b1d8fd7c8d0a7abd66f3c5d6920c335de933ed54ed91c7ec40ed41,182,183.0,183,1.0,16896,,True,65,1000,1000.0,FCz,64,64,True,True,True,True,1,ONLY-INITIAL-BOUNDARY,True,False,False,True,True,,ASSESSED-TIME-DOMAIN-ONLY,True,True,42,111111111111111111111111111111111111111111,,200,200,200,True,True,
sub-181,sub-181/ses-1/eeg/sub-181_ses-1_task-EyesClosed_acq-pre_eeg.edf,6a558cd5852503e66df9ac7fdac2f3a7f4ed5f12,1.0.3,24326896,590a5ea4f563cba27e459ba5294e5adc894398cb6cb8ef60c7fe25724ac85f53,187,187.0,187,1.0,16896,,True,65,1000,1000.0,FCz,64,64,True,True,True,True,1,ONLY-INITIAL-BOUNDARY,True,False,False,True,True,,ASSESSED-TIME-DOMAIN-ONLY,True,True,42,111111111111111111111111111111111111111111,,200,200,200,True,True,
sub-182,sub-182/ses-1/eeg/sub-182_ses-1_task-EyesClosed_acq-pre_eeg.edf,6a558cd5852503e66df9ac7fdac2f3a7f4ed5f12,1.0.3,23936896,f91040c6398cc7129f0b550fcc2eed8e2affb26f187dc6513ca5e39c2b22310f,183,184.0,184,1.0,16896,,True,65,1000,1000.0,FCz,64,64,True,True,True,True,1,ONLY-INITIAL-BOUNDARY,True,False,False,True,True,,ASSESSED-TIME-DOMAIN-ONLY,True,True,42,111111111111111111111111111111111111111111,,200,200,200,True,True,
sub-183,sub-183/ses-1/eeg/sub-183_ses-1_task-EyesClosed_acq-pre_eeg.edf,6a558cd5852503e66df9ac7fdac2f3a7f4ed5f12,1.0.3,23806896,3c8ab95ae1064f27e3d0cf45c898ceb16aa7ab525f091d8e43647ba67f6781e9,182,183.0,183,1.0,16896,,True,65,1000,1000.0,FCz,64,64,True,True,True,True,35,OTHER-TASK-MARKERS,True,False,True,True,False,other_task_markers,NOT-ASSESSED-STRUCTURAL-FAIL,False,False,,,,,,,False,False,other_task_markers
sub-184,sub-184/ses-1/eeg/sub-184_ses-1_task-EyesClosed_acq-pre_eeg.edf,6a558cd5852503e66df9ac7fdac2f3a7f4ed5f12,1.0.3,25626896,446191b29fb13af3b27cac016b6ec3a80ae64a2c6e1cbb78865d69ba0ca17a33,196,197.0,197,1.0,16896,,True,65,1000,1000.0,FCz,64,64,True,True,True,True,1,ONLY-INITIAL-BOUNDARY,True,False,False,True,True,,ASSESSED-TIME-DOMAIN-ONLY,True,True,42,111111111111111111111111111111111111111111,,200,200,200,True,True,
sub-185,sub-185/ses-1/eeg/sub-185_ses-1_task-EyesClosed_acq-pre_eeg.edf,6a558cd5852503e66df9ac7fdac2f3a7f4ed5f12,1.0.3,29656896,1dd285d9ec8af0637405d41b04f9f200ea33ef488f07ba84ef15e91120db8e04,228,228.0,228,1.0,16896,,True,65,1000,1000.0,FCz,64,64,True,True,True,True,1,ONLY-INITIAL-BOUNDARY,True,False,False,True,True,,ASSESSED-TIME-DOMAIN-ONLY,True,True,42,111111111111111111111111111111111111111111,,200,200,200,True,True,
sub-186,sub-186/ses-1/eeg/sub-186_ses-1_task-EyesClosed_acq-pre_eeg.edf,6a558cd5852503e66df9ac7fdac2f3a7f4ed5f12,1.0.3,24196896,dca30529ce1a987e7c72ce53c35349bad4ba58b220ae81154cf4a74376df256a,186,186.0,186,1.0,16896,,True,65,1000,1000.0,FCz,64,64,True,True,True,True,1,ONLY-INITIAL-BOUNDARY,True,False,False,True,True,,ASSESSED-TIME-DOMAIN-ONLY,True,True,42,111111111111111111111111111111111111111111,,200,200,200,True,True,
sub-187,sub-187/ses-1/eeg/sub-187_ses-1_task-EyesClosed_acq-pre_eeg.edf,6a558cd5852503e66df9ac7fdac2f3a7f4ed5f12,1.0.3,23676896,0123c6eb5fdd040e947dfb91ea61442b04e71a272b8e9b7e8b2be16195b03d3a,182,182.0,182,1.0,16896,,True,65,1000,1000.0,FCz,64,64,True,True,True,True,1,ONLY-INITIAL-BOUNDARY,True,False,False,True,True,,ASSESSED-TIME-DOMAIN-ONLY,True,True,42,111111111111111111111111111111111111111111,,200,200,200,True,True,
sub-188,sub-188/ses-1/eeg/sub-188_ses-1_task-EyesClosed_acq-pre_eeg.edf,6a558cd5852503e66df9ac7fdac2f3a7f4ed5f12,1.0.3,23936896,22d1bfbd7548c9e9cf4415f632b2e883bb726ce3f1b54fd50bedf4ac285458bb,184,184.0,184,1.0,16896,,True,65,1000,1000.0,FCz,64,64,True,True,True,True,1,ONLY-INITIAL-BOUNDARY,True,False,False,True,True,,ASSESSED-TIME-DOMAIN-ONLY,True,True,42,111111111111111111111111111111111111111111,,200,200,200,True,True,
sub-189,sub-189/ses-1/eeg/sub-189_ses-1_task-EyesClosed_acq-pre_eeg.edf,6a558cd5852503e66df9ac7fdac2f3a7f4ed5f12,1.0.3,24196896,bd4f4dceba69af538d2228d523c51544e1b2c00d9453c596f4c2e1eb78e25a2c,186,186.0,186,1.0,16896,,True,65,1000,1000.0,FCz,64,64,True,True,True,True,1,ONLY-INITIAL-BOUNDARY,True,False,False,True,True,,ASSESSED-TIME-DOMAIN-ONLY,True,True,42,111111111111111111111111111111111111111111,,200,200,200,True,True,
sub-190,sub-190/ses-1/eeg/sub-190_ses-1_task-EyesClosed_acq-pre_eeg.edf,6a558cd5852503e66df9ac7fdac2f3a7f4ed5f12,1.0.3,24196896,a8f84dce1ac8e6ddf753d32146540706a86d8c0c4c21b2714727abbffa98f31b,185,186.0,186,1.0,16896,,True,65,1000,1000.0,FCz,64,64,True,True,True,True,1,ONLY-INITIAL-BOUNDARY,True,False,False,True,True,,ASSESSED-TIME-DOMAIN-ONLY,True,True,42,111111111111111111111111111111111111111111,,200,200,200,True,True,
sub-191,sub-191/ses-1/eeg/sub-191_ses-1_task-EyesClosed_acq-pre_eeg.edf,6a558cd5852503e66df9ac7fdac2f3a7f4ed5f12,1.0.3,23806896,5bcc10e3db9101a8847ebef0058b7bec17d9ae7b0b44d6d61300b05db2a69fa3,182,183.0,183,1.0,16896,,True,65,1000,1000.0,FCz,64,64,True,True,True,True,1,ONLY-INITIAL-BOUNDARY,True,False,False,True,True,,ASSESSED-TIME-DOMAIN-ONLY,True,True,42,111111111111111111111111111111111111111111,,200,200,200,True,True,
sub-192,sub-192/ses-1/eeg/sub-192_ses-1_task-EyesClosed_acq-pre_eeg.edf,6a558cd5852503e66df9ac7fdac2f3a7f4ed5f12,1.0.3,24196896,0734bc399bb60a2eb0fcd168cfc5357526637855451d065d6647c88587461bf3,186,186.0,186,1.0,16896,,True,65,1000,1000.0,FCz,64,64,True,True,True,True,1,ONLY-INITIAL-BOUNDARY,True,False,False,True,True,,ASSESSED-TIME-DOMAIN-ONLY,True,True,42,111111111111111111111111111111111111111111,,200,200,200,True,True,
sub-193,sub-193/ses-1/eeg/sub-193_ses-1_task-EyesClosed_acq-pre_eeg.edf,6a558cd5852503e66df9ac7fdac2f3a7f4ed5f12,1.0.3,23806896,cb1d7e44f306b54775317db88c038c6c2796cc629846b8a79faee99e8840d88b,182,183.0,183,1.0,16896,,True,65,1000,1000.0,FCz,64,64,True,True,True,True,1,ONLY-INITIAL-BOUNDARY,True,False,False,True,True,,ASSESSED-TIME-DOMAIN-ONLY,True,True,42,111111111111111111111111111111111111111111,,200,200,200,True,True,
sub-194,sub-194/ses-1/eeg/sub-194_ses-1_task-EyesClosed_acq-pre_eeg.edf,6a558cd5852503e66df9ac7fdac2f3a7f4ed5f12,1.0.3,23936896,20c7c503acfef3cb511c48ed5610288a2c25e85732933810573a87a8cb53e75b,183,184.0,184,1.0,16896,,True,65,1000,1000.0,FCz,64,64,True,True,True,True,1,ONLY-INITIAL-BOUNDARY,True,False,False,True,True,,ASSESSED-TIME-DOMAIN-ONLY,True,True,42,111111111111111111111111111111111111111111,,200,200,200,True,True,
sub-195,sub-195/ses-1/eeg/sub-195_ses-1_task-EyesClosed_acq-pre_eeg.edf,6a558cd5852503e66df9ac7fdac2f3a7f4ed5f12,1.0.3,23676896,b3203597c113b3e0544c38d42312d49c19e1c0b958c0830164df7cfc0def0427,181,182.0,182,1.0,16896,,True,65,1000,1000.0,FCz,64,64,True,True,True,True,1,ONLY-INITIAL-BOUNDARY,True,False,False,True,True,,ASSESSED-TIME-DOMAIN-ONLY,True,True,42,111111111111111111111111111111111111111111,,200,200,200,True,True,
sub-196,sub-196/ses-1/eeg/sub-196_ses-1_task-EyesClosed_acq-pre_eeg.edf,6a558cd5852503e66df9ac7fdac2f3a7f4ed5f12,1.0.3,23936896,a77aecfd81d3be18ffb5fb65b354767bc81e42f24a7d9be0d8ca190c6453e4d1,184,184.0,184,1.0,16896,,True,65,1000,1000.0,FCz,64,64,True,True,True,True,1,ONLY-INITIAL-BOUNDARY,True,False,False,True,True,,ASSESSED-TIME-DOMAIN-ONLY,True,True,42,111111111111111111111111111111111111111111,,200,200,200,True,True,
sub-197,sub-197/ses-1/eeg/sub-197_ses-1_task-EyesClosed_acq-pre_eeg.edf,6a558cd5852503e66df9ac7fdac2f3a7f4ed5f12,1.0.3,24586896,e87d8a51a1794a7cf3160adf0cc8d03f4f46f9dbc6eca3b059b513023e0428a2,188,189.0,189,1.0,16896,,True,65,1000,1000.0,FCz,64,64,True,True,True,True,1,ONLY-INITIAL-BOUNDARY,True,False,False,True,True,,ASSESSED-TIME-DOMAIN-ONLY,True,True,42,111111111111111111111111111111111111111111,,200,200,200,True,True,
sub-198,sub-198/ses-1/eeg/sub-198_ses-1_task-EyesClosed_acq-pre_eeg.edf,6a558cd5852503e66df9ac7fdac2f3a7f4ed5f12,1.0.3,23806896,9b9a5e771dbec50df0082fffe44c1c59a899a67f88ec01fac4f9931c1f06e798,183,183.0,183,1.0,16896,,True,65,1000,1000.0,FCz,64,64,True,True,True,True,1,ONLY-INITIAL-BOUNDARY,True,False,False,True,True,,ASSESSED-TIME-DOMAIN-ONLY,True,True,42,111111111111111111111111111111111111111111,,200,200,200,True,True,
sub-199,sub-199/ses-1/eeg/sub-199_ses-1_task-EyesClosed_acq-pre_eeg.edf,6a558cd5852503e66df9ac7fdac2f3a7f4ed5f12,1.0.3,23936896,1d65ea902f232c2ddd5a746f89fd7de5605ab095f76c44e1e349e03890df0b2b,183,184.0,184,1.0,16896,,True,65,1000,1000.0,FCz,64,64,True,True,True,True,1,ONLY-INITIAL-BOUNDARY,True,False,False,True,True,,ASSESSED-TIME-DOMAIN-ONLY,True,True,42,111111111111111111111111111111111111111111,,200,200,200,True,True,
sub-200,sub-200/ses-1/eeg/sub-200_ses-1_task-EyesClosed_acq-pre_eeg.edf,6a558cd5852503e66df9ac7fdac2f3a7f4ed5f12,1.0.3,23936896,0bbcbe070923c3c7c9b23e48edadfc80f1abe5b955b5aa708389da68cca0b792,184,184.0,184,1.0,16896,,True,65,1000,1000.0,FCz,64,64,True,True,True,True,1,ONLY-INITIAL-BOUNDARY,True,False,False,True,True,,ASSESSED-TIME-DOMAIN-ONLY,True,True,42,111111111111111111111111111111111111111111,,200,200,200,True,True,
sub-201,sub-201/ses-1/eeg/sub-201_ses-1_task-EyesClosed_acq-pre_eeg.edf,6a558cd5852503e66df9ac7fdac2f3a7f4ed5f12,1.0.3,23676896,87d8c5bdc07ec4038cceb9a7517e684f0084d7070d59629250ac6b3027ac8e5c,181,182.0,182,1.0,16896,,True,65,1000,1000.0,FCz,64,64,True,True,True,True,1,ONLY-INITIAL-BOUNDARY,True,False,False,True,True,,ASSESSED-TIME-DOMAIN-ONLY,True,True,42,111111111111111111111111111111111111111111,,200,200,200,True,True,
sub-202,sub-202/ses-1/eeg/sub-202_ses-1_task-EyesClosed_acq-pre_eeg.edf,6a558cd5852503e66df9ac7fdac2f3a7f4ed5f12,1.0.3,23806896,810f9dcc414a9e188b6dd917916bb7d497ce73d5625e24c8a09dca6dbad422ff,183,183.0,183,1.0,16896,,True,65,1000,1000.0,FCz,64,64,True,True,True,True,2,USB-DISCONNECT-ANNOTATION,True,True,False,True,False,usb_disconnect_annotation,NOT-ASSESSED-STRUCTURAL-FAIL,False,False,,,,,,,False,False,usb_disconnect_annotation
sub-203,sub-203/ses-1/eeg/sub-203_ses-1_task-EyesClosed_acq-pre_eeg.edf,6a558cd5852503e66df9ac7fdac2f3a7f4ed5f12,1.0.3,23806896,dddcd96e486d7438e91b97aa5a2dd82a4a6a62ef96c41494254a073c8d9e131e,183,183.0,183,1.0,16896,,True,65,1000,1000.0,FCz,64,64,True,True,True,True,1,ONLY-INITIAL-BOUNDARY,True,False,False,True,True,,ASSESSED-TIME-DOMAIN-ONLY,True,True,42,111111111111111111111111111111111111111111,,200,200,200,True,True,
sub-204,sub-204/ses-1/eeg/sub-204_ses-1_task-EyesClosed_acq-pre_eeg.edf,6a558cd5852503e66df9ac7fdac2f3a7f4ed5f12,1.0.3,23806896,a35e9f1c3dc15966d8fb771e7c409b722deb91f781466b75232d49442f84c99f,182,183.0,183,1.0,16896,,True,65,1000,1000.0,FCz,64,64,True,True,True,True,1,ONLY-INITIAL-BOUNDARY,True,False,False,True,True,,ASSESSED-TIME-DOMAIN-ONLY,True,True,42,111111111111111111111111111111111111111111,,200,200,200,True,True,
sub-205,sub-205/ses-1/eeg/sub-205_ses-1_task-EyesClosed_acq-pre_eeg.edf,6a558cd5852503e66df9ac7fdac2f3a7f4ed5f12,1.0.3,23806896,b75d99b22669430b1075598fdf1c3d2b406dc60ba60c668a3b5c6a999cd6c6fe,182,183.0,183,1.0,16896,,True,65,1000,1000.0,FCz,64,64,True,True,True,True,1,ONLY-INITIAL-BOUNDARY,True,False,False,True,True,,ASSESSED-TIME-DOMAIN-ONLY,True,True,42,111111111111111111111111111111111111111111,,200,200,200,True,True,
sub-206,sub-206/ses-1/eeg/sub-206_ses-1_task-EyesClosed_acq-pre_eeg.edf,6a558cd5852503e66df9ac7fdac2f3a7f4ed5f12,1.0.3,27446896,9a25d6079631d57c1f21c0c8a8cd3ff4f9d29e58824ef598c54a40291c4263c4,211,211.0,211,1.0,16896,,True,65,1000,1000.0,FCz,64,64,True,True,True,True,3,ONLY-INITIAL-BOUNDARY,True,False,False,True,True,,ASSESSED-TIME-DOMAIN-ONLY,True,True,40,111101111011111111111111111111111111111111,4:centered_abs_gt_500uV|p2p_gt_1000uV|step_gt_200uV;9:centered_abs_gt_500uV|p2p_gt_1000uV|step_gt_200uV,200,200,200,False,True,
sub-207,sub-207/ses-1/eeg/sub-207_ses-1_task-EyesClosed_acq-pre_eeg.edf,6a558cd5852503e66df9ac7fdac2f3a7f4ed5f12,1.0.3,24456896,343fcdeb029e48e20f1f53aa095bf1502d3cc03df7d6913ce7ac7a4dd0b824b0,188,188.0,188,1.0,16896,,True,65,1000,1000.0,FCz,64,64,True,True,True,True,922,OTHER-TASK-MARKERS,True,False,True,True,False,other_task_markers,NOT-ASSESSED-STRUCTURAL-FAIL,False,False,,,,,,,False,False,other_task_markers
sub-208,sub-208/ses-1/eeg/sub-208_ses-1_task-EyesClosed_acq-pre_eeg.edf,6a558cd5852503e66df9ac7fdac2f3a7f4ed5f12,1.0.3,24326896,e1a00feac73397e49ab4de76a26eb27fc182faafed27faff32304adf46e5f84b,187,187.0,187,1.0,16896,,True,65,1000,1000.0,FCz,64,64,True,True,True,True,1,ONLY-INITIAL-BOUNDARY,True,False,False,True,True,,ASSESSED-TIME-DOMAIN-ONLY,True,True,42,111111111111111111111111111111111111111111,,200,200,200,True,True,
sub-209,sub-209/ses-1/eeg/sub-209_ses-1_task-EyesClosed_acq-pre_eeg.edf,6a558cd5852503e66df9ac7fdac2f3a7f4ed5f12,1.0.3,24326896,666646f5fa858d52f673396c1622032dfdc77d15c7d1c24ff416916c7cce2414,186,187.0,187,1.0,16896,,True,65,1000,1000.0,FCz,64,64,True,True,True,True,1,ONLY-INITIAL-BOUNDARY,True,False,False,True,True,,ASSESSED-TIME-DOMAIN-ONLY,True,True,42,111111111111111111111111111111111111111111,,200,200,200,True,True,
sub-210,sub-210/ses-1/eeg/sub-210_ses-1_task-EyesClosed_acq-pre_eeg.edf,6a558cd5852503e66df9ac7fdac2f3a7f4ed5f12,1.0.3,23806896,c86af683cc40d84822ef35337937eab737fe1281396e18105ee79f028a19cfd1,182,183.0,183,1.0,16896,,True,65,1000,1000.0,FCz,64,64,True,True,True,True,1,ONLY-INITIAL-BOUNDARY,True,False,False,True,True,,ASSESSED-TIME-DOMAIN-ONLY,True,True,42,111111111111111111111111111111111111111111,,200,200,200,True,True,
sub-211,sub-211/ses-1/eeg/sub-211_ses-1_task-EyesClosed_acq-pre_eeg.edf,6a558cd5852503e66df9ac7fdac2f3a7f4ed5f12,1.0.3,23676896,5a8908021cfe14f06dc1e51ff663d2d0cdd744799eb6c69ca7c058e0899fe79a,181,182.0,182,1.0,16896,,True,65,1000,1000.0,FCz,64,64,True,True,True,True,1,ONLY-INITIAL-BOUNDARY,True,False,False,True,True,,ASSESSED-TIME-DOMAIN-ONLY,True,True,42,111111111111111111111111111111111111111111,,200,200,200,True,True,
sub-212,sub-212/ses-1/eeg/sub-212_ses-1_task-EyesClosed_acq-pre_eeg.edf,6a558cd5852503e66df9ac7fdac2f3a7f4ed5f12,1.0.3,23936896,a3ad4756328bc4eac30594ae6a10d946bd4eb1ce4c2e1010134f92de7472eafd,183,184.0,184,1.0,16896,,True,65,1000,1000.0,FCz,64,64,True,True,True,True,1,ONLY-INITIAL-BOUNDARY,True,False,False,True,True,,ASSESSED-TIME-DOMAIN-ONLY,True,True,42,111111111111111111111111111111111111111111,,200,200,200,True,True,
sub-213,sub-213/ses-1/eeg/sub-213_ses-1_task-EyesClosed_acq-pre_eeg.edf,6a558cd5852503e66df9ac7fdac2f3a7f4ed5f12,1.0.3,24196896,2a2fe47b149e8af9085f97c6fdbcf13f63a1d35839821be32e112870dda6b0c5,186,186.0,186,1.0,16896,,True,65,1000,1000.0,FCz,64,64,True,True,True,True,1,ONLY-INITIAL-BOUNDARY,True,False,False,True,True,,ASSESSED-TIME-DOMAIN-ONLY,True,True,42,111111111111111111111111111111111111111111,,200,200,200,True,True,
sub-214,sub-214/ses-1/eeg/sub-214_ses-1_task-EyesClosed_acq-pre_eeg.edf,6a558cd5852503e66df9ac7fdac2f3a7f4ed5f12,1.0.3,36546896,c201563b7405a5c37df1d9cf8548bffc2c7d33201da5ca380f3b31b773da92de,281,281.0,281,1.0,16896,,True,65,1000,1000.0,FCz,64,64,True,True,True,True,1,ONLY-INITIAL-BOUNDARY,True,False,False,True,True,,ASSESSED-TIME-DOMAIN-ONLY,True,True,42,111111111111111111111111111111111111111111,,200,200,200,True,True,
sub-215,sub-215/ses-1/eeg/sub-215_ses-1_task-EyesClosed_acq-pre_eeg.edf,6a558cd5852503e66df9ac7fdac2f3a7f4ed5f12,1.0.3,23936896,cb311f5021146d4cadba5d39bec1fb047cb175f9ffa1cda4b883dba9cc3d2641,184,184.0,184,1.0,16896,,True,65,1000,1000.0,FCz,64,64,True,True,True,True,1,ONLY-INITIAL-BOUNDARY,True,False,False,True,True,,ASSESSED-TIME-DOMAIN-ONLY,True,True,42,111111111111111111111111111111111111111111,,200,200,200,True,True,
sub-216,sub-216/ses-1/eeg/sub-216_ses-1_task-EyesClosed_acq-pre_eeg.edf,6a558cd5852503e66df9ac7fdac2f3a7f4ed5f12,1.0.3,24066896,664993b4744cfb15d8ba1f0c4835e54266d163e78d32c77337d312ce5cc85d63,185,185.0,185,1.0,16896,,True,65,1000,1000.0,FCz,64,64,True,True,True,True,1,ONLY-INITIAL-BOUNDARY,True,False,False,True,True,,ASSESSED-TIME-DOMAIN-ONLY,True,True,42,111111111111111111111111111111111111111111,,200,200,200,True,True,
sub-217,sub-217/ses-1/eeg/sub-217_ses-1_task-EyesClosed_acq-pre_eeg.edf,6a558cd5852503e66df9ac7fdac2f3a7f4ed5f12,1.0.3,23936896,4fe6ff1a55dacdf0a32f46714c23349b5c25877d9ad86498ecc24ed7994c8624,183,184.0,184,1.0,16896,,True,65,1000,1000.0,FCz,64,64,True,True,True,True,1,ONLY-INITIAL-BOUNDARY,True,False,False,True,True,,ASSESSED-TIME-DOMAIN-ONLY,True,True,42,111111111111111111111111111111111111111111,,200,200,200,True,True,
sub-218,sub-218/ses-1/eeg/sub-218_ses-1_task-EyesClosed_acq-pre_eeg.edf,6a558cd5852503e66df9ac7fdac2f3a7f4ed5f12,1.0.3,24196896,cd81cf48967b39d31e9a392815efbc6d0c9ee62c2885c409f89852e30714ddd6,186,186.0,186,1.0,16896,,True,65,1000,1000.0,FCz,64,64,True,True,True,True,1,ONLY-INITIAL-BOUNDARY,True,False,False,True,True,,ASSESSED-TIME-DOMAIN-ONLY,True,True,42,111111111111111111111111111111111111111111,,200,200,200,True,True,
sub-219,sub-219/ses-1/eeg/sub-219_ses-1_task-EyesClosed_acq-pre_eeg.edf,6a558cd5852503e66df9ac7fdac2f3a7f4ed5f12,1.0.3,23806896,bcbba5c78e5fb5805d8129a681e2d7254b90d282861dc42a284c81ca49e39db0,182,183.0,183,1.0,16896,,True,65,1000,1000.0,FCz,64,64,True,True,True,True,1,ONLY-INITIAL-BOUNDARY,True,False,False,True,True,,ASSESSED-TIME-DOMAIN-ONLY,True,True,42,111111111111111111111111111111111111111111,,200,200,200,True,True,
sub-220,sub-220/ses-1/eeg/sub-220_ses-1_task-EyesClosed_acq-pre_eeg.edf,6a558cd5852503e66df9ac7fdac2f3a7f4ed5f12,1.0.3,23676896,6085cf529067de211b39e7a004d7192c5d344ebb9d058511cb209b70d6152d0a,182,182.0,182,1.0,16896,,True,65,1000,1000.0,FCz,64,64,True,True,True,True,925,OTHER-TASK-MARKERS,True,False,True,True,False,other_task_markers,NOT-ASSESSED-STRUCTURAL-FAIL,False,False,,,,,,,False,False,other_task_markers
sub-221,sub-221/ses-1/eeg/sub-221_ses-1_task-EyesClosed_acq-pre_eeg.edf,6a558cd5852503e66df9ac7fdac2f3a7f4ed5f12,1.0.3,23676896,b9f0d9d1f69fa7094e441386c7bc9033304b377780f1221f21455f24751736d0,182,182.0,182,1.0,16896,,True,65,1000,1000.0,FCz,64,64,True,True,True,True,1,ONLY-INITIAL-BOUNDARY,True,False,False,True,True,,ASSESSED-TIME-DOMAIN-ONLY,True,True,42,111111111111111111111111111111111111111111,,200,200,200,True,True,
sub-222,sub-222/ses-1/eeg/sub-222_ses-1_task-EyesClosed_acq-pre_eeg.edf,6a558cd5852503e66df9ac7fdac2f3a7f4ed5f12,1.0.3,23806896,f9f78747586db0cf86fc4b440a3d884fa6340d715fce30e42e9353d6b32a08dc,183,183.0,183,1.0,16896,,True,65,1000,1000.0,FCz,64,64,True,True,True,True,94,OTHER-TASK-MARKERS,True,False,True,True,False,other_task_markers,NOT-ASSESSED-STRUCTURAL-FAIL,False,False,,,,,,,False,False,other_task_markers
sub-223,sub-223/ses-1/eeg/sub-223_ses-1_task-EyesClosed_acq-pre_eeg.edf,6a558cd5852503e66df9ac7fdac2f3a7f4ed5f12,1.0.3,24586896,716c0b14affab574ff88a708d160bd87c1fe78b23bf1bb91186c40c7b633065e,189,189.0,189,1.0,16896,,True,65,1000,1000.0,FCz,64,64,True,True,True,True,1,ONLY-INITIAL-BOUNDARY,True,False,False,True,True,,ASSESSED-TIME-DOMAIN-ONLY,True,True,42,111111111111111111111111111111111111111111,,200,200,200,True,True,
sub-224,sub-224/ses-1/eeg/sub-224_ses-1_task-EyesClosed_acq-pre_eeg.edf,6a558cd5852503e66df9ac7fdac2f3a7f4ed5f12,1.0.3,24066896,648eacea1ad3b058e00285f7b57be6590840fd86938d21463db6ecd86a6f700e,185,185.0,185,1.0,16896,,True,65,1000,1000.0,FCz,64,64,True,True,True,True,2,USB-DISCONNECT-ANNOTATION,True,True,False,True,False,usb_disconnect_annotation,NOT-ASSESSED-STRUCTURAL-FAIL,False,False,,,,,,,False,False,usb_disconnect_annotation
sub-225,sub-225/ses-1/eeg/sub-225_ses-1_task-EyesClosed_acq-pre_eeg.edf,6a558cd5852503e66df9ac7fdac2f3a7f4ed5f12,1.0.3,24196896,b2bbde17169a89c5d6dfe323863337933ca448a0588043fb40f726fe2794b838,186,186.0,186,1.0,16896,,True,65,1000,1000.0,FCz,64,64,True,True,True,True,1,ONLY-INITIAL-BOUNDARY,True,False,False,True,True,,ASSESSED-TIME-DOMAIN-ONLY,True,True,42,111111111111111111111111111111111111111111,,200,200,200,True,True,
sub-226,sub-226/ses-1/eeg/sub-226_ses-1_task-EyesClosed_acq-pre_eeg.edf,6a558cd5852503e66df9ac7fdac2f3a7f4ed5f12,1.0.3,26276896,0fcc1b2a8bec66f0642491759f2a2e8057772a1d55b5516055a04160e67bd14f,202,202.0,202,1.0,16896,,True,65,1000,1000.0,FCz,64,64,True,True,True,True,1026,OTHER-TASK-MARKERS,True,False,True,True,False,other_task_markers,NOT-ASSESSED-STRUCTURAL-FAIL,False,False,,,,,,,False,False,other_task_markers
sub-227,sub-227/ses-1/eeg/sub-227_ses-1_task-EyesClosed_acq-pre_eeg.edf,6a558cd5852503e66df9ac7fdac2f3a7f4ed5f12,1.0.3,23806896,e02a28a6cc4f5875cfcb0b7ebdf7f1785597744845d0f2c7251a68b1d833d548,182,183.0,183,1.0,16896,,True,65,1000,1000.0,FCz,64,64,True,True,True,True,1,ONLY-INITIAL-BOUNDARY,True,False,False,True,True,,ASSESSED-TIME-DOMAIN-ONLY,True,True,42,111111111111111111111111111111111111111111,,200,200,200,True,True,
sub-228,sub-228/ses-1/eeg/sub-228_ses-1_task-EyesClosed_acq-pre_eeg.edf,6a558cd5852503e66df9ac7fdac2f3a7f4ed5f12,1.0.3,23806896,eefb250bbb98c16da0d261a376151d13fe4619178e71bd6abbca157d32b183c8,182,183.0,183,1.0,16896,,True,65,1000,1000.0,FCz,64,64,True,True,True,True,1,ONLY-INITIAL-BOUNDARY,True,False,False,True,True,,ASSESSED-TIME-DOMAIN-ONLY,True,True,42,111111111111111111111111111111111111111111,,200,200,200,True,True,
sub-229,sub-229/ses-1/eeg/sub-229_ses-1_task-EyesClosed_acq-pre_eeg.edf,6a558cd5852503e66df9ac7fdac2f3a7f4ed5f12,1.0.3,24976896,7f604d5df5cbe6f48162247636a6a5f02b2e012a0d9e0f3002093b6a040bb76a,191,192.0,192,1.0,16896,,True,65,1000,1000.0,FCz,64,64,True,True,True,True,1,ONLY-INITIAL-BOUNDARY,True,False,False,True,True,,ASSESSED-TIME-DOMAIN-ONLY,True,True,42,111111111111111111111111111111111111111111,,200,200,200,True,True,
sub-230,sub-230/ses-1/eeg/sub-230_ses-1_task-EyesClosed_acq-pre_eeg.edf,6a558cd5852503e66df9ac7fdac2f3a7f4ed5f12,1.0.3,7816896,cd11d262a93de7847828d3cb8fb75b7a5b5481b767b555aca35cb4f6a185e40b,60,60.0,60,1.0,16896,,True,65,1000,1000.0,FCz,64,64,True,True,True,True,1,ONLY-INITIAL-BOUNDARY,True,False,False,False,False,duration_lt_180s,NOT-ASSESSED-STRUCTURAL-FAIL,False,False,,,,,,,False,False,duration_lt_180s
sub-231,sub-231/ses-1/eeg/sub-231_ses-1_task-EyesClosed_acq-pre_eeg.edf,6a558cd5852503e66df9ac7fdac2f3a7f4ed5f12,1.0.3,23676896,7e3a602fc3719a59507d0d395d589b411c10feb3b3fce965490a4c49f7a2954b,182,182.0,182,1.0,16896,,True,65,1000,1000.0,FCz,64,64,True,True,True,True,1,ONLY-INITIAL-BOUNDARY,True,False,False,True,True,,ASSESSED-TIME-DOMAIN-ONLY,True,True,42,111111111111111111111111111111111111111111,,200,200,200,True,True,
sub-232,sub-232/ses-1/eeg/sub-232_ses-1_task-EyesClosed_acq-pre_eeg.edf,6a558cd5852503e66df9ac7fdac2f3a7f4ed5f12,1.0.3,23936896,bb6e10aa783c52af8cf617f9120a85c2b9e1809918e96218b31f28acb18ff398,184,184.0,184,1.0,16896,,True,65,1000,1000.0,FCz,64,64,True,True,True,True,1,ONLY-INITIAL-BOUNDARY,True,False,False,True,True,,ASSESSED-TIME-DOMAIN-ONLY,True,True,42,111111111111111111111111111111111111111111,,200,200,200,True,True,
sub-233,sub-233/ses-1/eeg/sub-233_ses-1_task-EyesClosed_acq-pre_eeg.edf,6a558cd5852503e66df9ac7fdac2f3a7f4ed5f12,1.0.3,24066896,817a1028b8640eb7ff3e6ddc56610e497d69b45ace940f81bb16d5831c1f218f,184,185.0,185,1.0,16896,,True,65,1000,1000.0,FCz,64,64,True,True,True,True,446,OTHER-TASK-MARKERS,True,False,True,True,False,other_task_markers,NOT-ASSESSED-STRUCTURAL-FAIL,False,False,,,,,,,False,False,other_task_markers
sub-234,sub-234/ses-1/eeg/sub-234_ses-1_task-EyesClosed_acq-pre_eeg.edf,6a558cd5852503e66df9ac7fdac2f3a7f4ed5f12,1.0.3,23936896,d953a0bddcc08d66d160090ef113220ffd6f8b4ccbc4b1bf51f710a3995dc656,183,184.0,184,1.0,16896,,True,65,1000,1000.0,FCz,64,64,True,True,True,True,1,ONLY-INITIAL-BOUNDARY,True,False,False,True,True,,ASSESSED-TIME-DOMAIN-ONLY,True,True,42,111111111111111111111111111111111111111111,,200,200,200,True,True,
sub-235,sub-235/ses-1/eeg/sub-235_ses-1_task-EyesClosed_acq-pre_eeg.edf,6a558cd5852503e66df9ac7fdac2f3a7f4ed5f12,1.0.3,23676896,630cf9125c26f3ea6d3f4bea7c20a3d055fe8864ca31145d6ad8de2c880b4bce,182,182.0,182,1.0,16896,,True,65,1000,1000.0,FCz,64,64,True,True,True,True,1,ONLY-INITIAL-BOUNDARY,True,False,False,True,True,,ASSESSED-TIME-DOMAIN-ONLY,True,True,42,111111111111111111111111111111111111111111,,200,200,200,True,True,
sub-236,sub-236/ses-1/eeg/sub-236_ses-1_task-EyesClosed_acq-pre_eeg.edf,6a558cd5852503e66df9ac7fdac2f3a7f4ed5f12,1.0.3,23676896,3c6e40a3b958c84eee21b9060412b85f68ce57d2e50615a943094b578387e047,182,182.0,182,1.0,16896,,True,65,1000,1000.0,FCz,64,64,True,True,True,True,1,ONLY-INITIAL-BOUNDARY,True,False,False,True,True,,ASSESSED-TIME-DOMAIN-ONLY,True,True,42,111111111111111111111111111111111111111111,,200,200,200,True,True,
sub-237,sub-237/ses-1/eeg/sub-237_ses-1_task-EyesClosed_acq-pre_eeg.edf,6a558cd5852503e66df9ac7fdac2f3a7f4ed5f12,1.0.3,23936896,766214c194eccbb538948c4e5cd9a4a173fe9c752f054313b2e965cf0d5bae6f,183,184.0,184,1.0,16896,,True,65,1000,1000.0,FCz,64,64,True,True,True,True,1,ONLY-INITIAL-BOUNDARY,True,False,False,True,True,,ASSESSED-TIME-DOMAIN-ONLY,True,True,42,111111111111111111111111111111111111111111,,200,200,200,True,True,
sub-238,sub-238/ses-1/eeg/sub-238_ses-1_task-EyesClosed_acq-pre_eeg.edf,6a558cd5852503e66df9ac7fdac2f3a7f4ed5f12,1.0.3,23936896,bf9517eca05196ae8da3bfe7b1d7573ce7314b1bd130493f9854da07b06b72e7,184,184.0,184,1.0,16896,,True,65,1000,1000.0,FCz,64,64,True,True,True,True,1,ONLY-INITIAL-BOUNDARY,True,False,False,True,True,,ASSESSED-TIME-DOMAIN-ONLY,True,True,42,111111111111111111111111111111111111111111,,200,200,200,True,True,
sub-239,sub-239/ses-1/eeg/sub-239_ses-1_task-EyesClosed_acq-pre_eeg.edf,6a558cd5852503e66df9ac7fdac2f3a7f4ed5f12,1.0.3,24326896,dd79bba7217b753e7832e4069356f9bcdeca37f7c51f731cbef9b8d1ce0e2f8f,187,187.0,187,1.0,16896,,True,65,1000,1000.0,FCz,64,64,True,True,True,True,1,ONLY-INITIAL-BOUNDARY,True,False,False,True,True,,ASSESSED-TIME-DOMAIN-ONLY,True,True,42,111111111111111111111111111111111111111111,,200,200,200,True,True,
sub-240,sub-240/ses-1/eeg/sub-240_ses-1_task-EyesClosed_acq-pre_eeg.edf,6a558cd5852503e66df9ac7fdac2f3a7f4ed5f12,1.0.3,23936896,ed6f06d2be1ea22f43aa872d44daa6369c5b24e283ddde5bc6328cd61a81c041,183,184.0,184,1.0,16896,,True,65,1000,1000.0,FCz,64,64,True,True,True,True,1,ONLY-INITIAL-BOUNDARY,True,False,False,True,True,,ASSESSED-TIME-DOMAIN-ONLY,True,True,42,111111111111111111111111111111111111111111,,200,200,200,True,True,
sub-241,sub-241/ses-1/eeg/sub-241_ses-1_task-EyesClosed_acq-pre_eeg.edf,6a558cd5852503e66df9ac7fdac2f3a7f4ed5f12,1.0.3,23676896,c01c7aa189f86a833a1ffcb8404625a0c5390c761868a25b4b1181f2d6cd426e,182,182.0,182,1.0,16896,,True,65,1000,1000.0,FCz,64,64,True,True,True,True,1,ONLY-INITIAL-BOUNDARY,True,False,False,True,True,,ASSESSED-TIME-DOMAIN-ONLY,True,True,42,111111111111111111111111111111111111111111,,200,200,200,True,True,
sub-242,sub-242/ses-1/eeg/sub-242_ses-1_task-EyesClosed_acq-pre_eeg.edf,6a558cd5852503e66df9ac7fdac2f3a7f4ed5f12,1.0.3,25236896,128ea5ddfbb6075dc76834960c76185742a90ae837488812feca210c0d1de14f,194,194.0,194,1.0,16896,,True,65,1000,1000.0,FCz,64,64,True,True,True,True,1,ONLY-INITIAL-BOUNDARY,True,False,False,True,True,,ASSESSED-TIME-DOMAIN-ONLY,True,True,42,111111111111111111111111111111111111111111,,200,200,200,True,True,
sub-243,sub-243/ses-1/eeg/sub-243_ses-1_task-EyesClosed_acq-pre_eeg.edf,6a558cd5852503e66df9ac7fdac2f3a7f4ed5f12,1.0.3,24326896,b37645eefac2c105ce0b72db8e72851a2a6943964588845b222c47650eafa8e4,187,187.0,187,1.0,16896,,True,65,1000,1000.0,FCz,64,64,True,True,True,True,1,ONLY-INITIAL-BOUNDARY,True,False,False,True,True,,ASSESSED-TIME-DOMAIN-ONLY,True,True,42,111111111111111111111111111111111111111111,,200,200,200,True,True,
sub-244,sub-244/ses-1/eeg/sub-244_ses-1_task-EyesClosed_acq-pre_eeg.edf,6a558cd5852503e66df9ac7fdac2f3a7f4ed5f12,1.0.3,23676896,3da045aa080c1c0a300eafe1909fdbcb5acd687eb661003fcc3433ed68f619a0,181,182.0,182,1.0,16896,,True,65,1000,1000.0,FCz,64,64,True,True,True,True,1,ONLY-INITIAL-BOUNDARY,True,False,False,True,True,,ASSESSED-TIME-DOMAIN-ONLY,True,True,42,111111111111111111111111111111111111111111,,200,200,200,True,True,
sub-245,sub-245/ses-1/eeg/sub-245_ses-1_task-EyesClosed_acq-pre_eeg.edf,6a558cd5852503e66df9ac7fdac2f3a7f4ed5f12,1.0.3,24456896,edb4b2b767fc55505299e42a4c4b1c3ac65af21ccb2a7d77f3f0d03200c44504,187,188.0,188,1.0,16896,,True,65,1000,1000.0,FCz,64,64,True,True,True,True,952,OTHER-TASK-MARKERS,True,False,True,True,False,other_task_markers,NOT-ASSESSED-STRUCTURAL-FAIL,False,False,,,,,,,False,False,other_task_markers
sub-246,sub-246/ses-1/eeg/sub-246_ses-1_task-EyesClosed_acq-pre_eeg.edf,6a558cd5852503e66df9ac7fdac2f3a7f4ed5f12,1.0.3,23676896,8cd107514748cc8ae4f0b1441bcc889e7db4d7a50fc61ebaa6f2d7e95d240dfc,182,182.0,182,1.0,16896,,True,65,1000,1000.0,FCz,64,64,True,True,True,True,1,ONLY-INITIAL-BOUNDARY,True,False,False,True,True,,ASSESSED-TIME-DOMAIN-ONLY,True,True,42,111111111111111111111111111111111111111111,,200,200,200,True,True,
sub-247,sub-247/ses-1/eeg/sub-247_ses-1_task-EyesClosed_acq-pre_eeg.edf,6a558cd5852503e66df9ac7fdac2f3a7f4ed5f12,1.0.3,23806896,69a12ded6aed31e0205609d3c27b20be1f5b4ba5842d858f1940d4622c5fad28,183,183.0,183,1.0,16896,,True,65,1000,1000.0,FCz,64,64,True,True,True,True,1,ONLY-INITIAL-BOUNDARY,True,False,False,True,True,,ASSESSED-TIME-DOMAIN-ONLY,True,True,42,111111111111111111111111111111111111111111,,200,200,200,True,True,
sub-248,sub-248/ses-1/eeg/sub-248_ses-1_task-EyesClosed_acq-pre_eeg.edf,6a558cd5852503e66df9ac7fdac2f3a7f4ed5f12,1.0.3,23936896,10960652b13857cfe11d505a1dfd5a680449f5eba454dcdeac49912c915a3051,183,184.0,184,1.0,16896,,True,65,1000,1000.0,FCz,64,64,True,True,True,True,1,ONLY-INITIAL-BOUNDARY,True,False,False,True,True,,ASSESSED-TIME-DOMAIN-ONLY,True,True,42,111111111111111111111111111111111111111111,,200,200,200,True,True,
sub-249,sub-249/ses-1/eeg/sub-249_ses-1_task-EyesClosed_acq-pre_eeg.edf,6a558cd5852503e66df9ac7fdac2f3a7f4ed5f12,1.0.3,23676896,460dea523876219618599132f2dd67c16221658f4997fb916350db73b0bc701f,182,182.0,182,1.0,16896,,True,65,1000,1000.0,FCz,64,64,True,True,True,True,1,ONLY-INITIAL-BOUNDARY,True,False,False,True,True,,ASSESSED-TIME-DOMAIN-ONLY,True,True,42,111111111111111111111111111111111111111111,,200,200,200,True,True,
sub-250,sub-250/ses-1/eeg/sub-250_ses-1_task-EyesClosed_acq-pre_eeg.edf,6a558cd5852503e66df9ac7fdac2f3a7f4ed5f12,1.0.3,23806896,d2b6996639def1ced8247c52691073bbdc5c485ad594bed79731c7c62ddc28c1,182,183.0,183,1.0,16896,,True,65,1000,1000.0,FCz,64,64,True,True,True,True,1,ONLY-INITIAL-BOUNDARY,True,False,False,True,True,,ASSESSED-TIME-DOMAIN-ONLY,True,True,42,111111111111111111111111111111111111111111,,200,200,200,True,True,
sub-251,sub-251/ses-1/eeg/sub-251_ses-1_task-EyesClosed_acq-pre_eeg.edf,6a558cd5852503e66df9ac7fdac2f3a7f4ed5f12,1.0.3,24846896,b6a1d3d194affd27b83c9771dfac63e9620b7b35ae5773cd91985bd2a40d9729,190,191.0,191,1.0,16896,,True,65,1000,1000.0,FCz,64,64,True,True,True,True,1,ONLY-INITIAL-BOUNDARY,True,False,False,True,True,,ASSESSED-TIME-DOMAIN-ONLY,True,True,42,111111111111111111111111111111111111111111,,200,200,200,True,True,
sub-252,sub-252/ses-1/eeg/sub-252_ses-1_task-EyesClosed_acq-pre_eeg.edf,6a558cd5852503e66df9ac7fdac2f3a7f4ed5f12,1.0.3,24846896,ef2e4ca8a6e858f46f1eb932e7194c187b46de2ef18097529c20760406653f44,191,191.0,191,1.0,16896,,True,65,1000,1000.0,FCz,64,64,True,True,True,True,1,ONLY-INITIAL-BOUNDARY,True,False,False,True,True,,ASSESSED-TIME-DOMAIN-ONLY,True,True,42,111111111111111111111111111111111111111111,,200,200,200,True,True,
sub-253,sub-253/ses-1/eeg/sub-253_ses-1_task-EyesClosed_acq-pre_eeg.edf,6a558cd5852503e66df9ac7fdac2f3a7f4ed5f12,1.0.3,23806896,9d52be01b22760d79225e5038c3bf436a5f913237794b7b76cdd005a86f00538,182,183.0,183,1.0,16896,,True,65,1000,1000.0,FCz,64,64,True,True,True,True,1,ONLY-INITIAL-BOUNDARY,True,False,False,True,True,,ASSESSED-TIME-DOMAIN-ONLY,True,True,42,111111111111111111111111111111111111111111,,200,200,200,True,True,
sub-254,sub-254/ses-1/eeg/sub-254_ses-1_task-EyesClosed_acq-pre_eeg.edf,6a558cd5852503e66df9ac7fdac2f3a7f4ed5f12,1.0.3,23936896,62f900e6dd6e88fcc0e7a00a30d3357fc5317612d865a920de3b697f60ef1c35,184,184.0,184,1.0,16896,,True,65,1000,1000.0,FCz,64,64,True,True,True,True,1,ONLY-INITIAL-BOUNDARY,True,False,False,True,True,,ASSESSED-TIME-DOMAIN-ONLY,True,True,42,111111111111111111111111111111111111111111,,200,200,200,True,True,
sub-255,sub-255/ses-1/eeg/sub-255_ses-1_task-EyesClosed_acq-pre_eeg.edf,6a558cd5852503e66df9ac7fdac2f3a7f4ed5f12,1.0.3,23676896,8279625a9bc7407c08baa7c90249b6bae09ee84f93a853197b3d528f34da1026,181,182.0,182,1.0,16896,,True,65,1000,1000.0,FCz,64,64,True,True,True,True,1,ONLY-INITIAL-BOUNDARY,True,False,False,True,True,,ASSESSED-TIME-DOMAIN-ONLY,True,True,42,111111111111111111111111111111111111111111,,200,200,200,True,True,
sub-256,sub-256/ses-1/eeg/sub-256_ses-1_task-EyesClosed_acq-pre_eeg.edf,6a558cd5852503e66df9ac7fdac2f3a7f4ed5f12,1.0.3,23936896,0f1362c2613717589f3b1cbf32b8254f2f202b019538fed7c44727add83dca42,184,184.0,184,1.0,16896,,True,65,1000,1000.0,FCz,64,64,True,True,True,True,1,ONLY-INITIAL-BOUNDARY,True,False,False,True,True,,ASSESSED-TIME-DOMAIN-ONLY,True,True,42,111111111111111111111111111111111111111111,,200,200,200,True,True,
sub-257,sub-257/ses-1/eeg/sub-257_ses-1_task-EyesClosed_acq-pre_eeg.edf,6a558cd5852503e66df9ac7fdac2f3a7f4ed5f12,1.0.3,24066896,126b0ec3f6e219adf340ce86c9fd74d104214d5f19376afe1887308a6ce680b1,185,185.0,185,1.0,16896,,True,65,1000,1000.0,FCz,64,64,True,True,True,True,1,ONLY-INITIAL-BOUNDARY,True,False,False,True,True,,ASSESSED-TIME-DOMAIN-ONLY,True,True,42,111111111111111111111111111111111111111111,,200,200,200,True,True,
sub-258,sub-258/ses-1/eeg/sub-258_ses-1_task-EyesClosed_acq-pre_eeg.edf,6a558cd5852503e66df9ac7fdac2f3a7f4ed5f12,1.0.3,23676896,230f92b73fc8c35086ba81df13479ee6ae949f00f18f36b6890a6996ed40851e,181,182.0,182,1.0,16896,,True,65,1000,1000.0,FCz,64,64,True,True,True,True,1,ONLY-INITIAL-BOUNDARY,True,False,False,True,True,,ASSESSED-TIME-DOMAIN-ONLY,True,True,42,111111111111111111111111111111111111111111,,200,200,200,True,True,
sub-259,sub-259/ses-1/eeg/sub-259_ses-1_task-EyesClosed_acq-pre_eeg.edf,6a558cd5852503e66df9ac7fdac2f3a7f4ed5f12,1.0.3,23676896,f4737277d63d43ab616d10b2843abf1cbfa0e872255b4fa8ad628460357754bc,182,182.0,182,1.0,16896,,True,65,1000,1000.0,FCz,64,64,True,True,True,True,1,ONLY-INITIAL-BOUNDARY,True,False,False,True,True,,ASSESSED-TIME-DOMAIN-ONLY,True,True,42,111111111111111111111111111111111111111111,,200,200,200,True,True,
sub-260,sub-260/ses-1/eeg/sub-260_ses-1_task-EyesClosed_acq-pre_eeg.edf,6a558cd5852503e66df9ac7fdac2f3a7f4ed5f12,1.0.3,25106896,6547d6ea469cdc1c4272a41a8b4fc8b7bc69b85b9c1ba5a004727b0d48f81a68,193,193.0,193,1.0,16896,,True,65,1000,1000.0,FCz,64,64,True,True,True,True,1,ONLY-INITIAL-BOUNDARY,True,False,False,True,True,,ASSESSED-TIME-DOMAIN-ONLY,True,True,42,111111111111111111111111111111111111111111,,200,200,200,True,True,
sub-261,sub-261/ses-1/eeg/sub-261_ses-1_task-EyesClosed_acq-pre_eeg.edf,6a558cd5852503e66df9ac7fdac2f3a7f4ed5f12,1.0.3,24716896,f62cf6a664a08438528f908f7a5ddabc26a7b71d234cd2062ee09050fcdda334,189,190.0,190,1.0,16896,,True,65,1000,1000.0,FCz,64,64,True,True,True,True,1,ONLY-INITIAL-BOUNDARY,True,False,False,True,True,,ASSESSED-TIME-DOMAIN-ONLY,True,True,42,111111111111111111111111111111111111111111,,200,200,200,True,True,
sub-262,sub-262/ses-1/eeg/sub-262_ses-1_task-EyesClosed_acq-pre_eeg.edf,6a558cd5852503e66df9ac7fdac2f3a7f4ed5f12,1.0.3,23936896,ca5322aa176b09a7bc3d41c733f05f6a975cbcdc9af730fa72923c5113594b63,183,184.0,184,1.0,16896,,True,65,1000,1000.0,FCz,64,64,True,True,True,True,1,ONLY-INITIAL-BOUNDARY,True,False,False,True,True,,ASSESSED-TIME-DOMAIN-ONLY,True,True,42,111111111111111111111111111111111111111111,,200,200,200,True,True,
sub-263,sub-263/ses-1/eeg/sub-263_ses-1_task-EyesClosed_acq-pre_eeg.edf,6a558cd5852503e66df9ac7fdac2f3a7f4ed5f12,1.0.3,24846896,9b20cffe822f452b29c7678b86d94439a29dcd68b25e1305a41a2b3816eabe13,191,191.0,191,1.0,16896,,True,65,1000,1000.0,FCz,64,64,True,True,True,True,1,ONLY-INITIAL-BOUNDARY,True,False,False,True,True,,ASSESSED-TIME-DOMAIN-ONLY,True,True,42,111111111111111111111111111111111111111111,,200,200,200,True,True,
sub-264,sub-264/ses-1/eeg/sub-264_ses-1_task-EyesClosed_acq-pre_eeg.edf,6a558cd5852503e66df9ac7fdac2f3a7f4ed5f12,1.0.3,23806896,e0bb25ce04909da51fcdae827c5e75b31e43915911407895fc284153d6a175e5,182,183.0,183,1.0,16896,,True,65,1000,1000.0,FCz,64,64,True,True,True,True,1,ONLY-INITIAL-BOUNDARY,True,False,False,True,True,,ASSESSED-TIME-DOMAIN-ONLY,True,True,42,111111111111111111111111111111111111111111,,200,200,200,True,True,
sub-265,sub-265/ses-1/eeg/sub-265_ses-1_task-EyesClosed_acq-pre_eeg.edf,6a558cd5852503e66df9ac7fdac2f3a7f4ed5f12,1.0.3,24456896,4f9bc6b1fc82fa35c17b81eada352fc729debd74beac4c7fea46824b7dde127c,188,188.0,188,1.0,16896,,True,65,1000,1000.0,FCz,64,64,True,True,True,True,1,ONLY-INITIAL-BOUNDARY,True,False,False,True,True,,ASSESSED-TIME-DOMAIN-ONLY,True,True,42,111111111111111111111111111111111111111111,,200,200,200,True,True,
sub-266,sub-266/ses-1/eeg/sub-266_ses-1_task-EyesClosed_acq-pre_eeg.edf,6a558cd5852503e66df9ac7fdac2f3a7f4ed5f12,1.0.3,24066896,c1c4a7a1eccb0984e320a680d997e13686789190292ba3acddcc80c79a82bf14,184,185.0,185,1.0,16896,,True,65,1000,1000.0,FCz,64,64,True,True,True,True,1,ONLY-INITIAL-BOUNDARY,True,False,False,True,True,,ASSESSED-TIME-DOMAIN-ONLY,True,True,42,111111111111111111111111111111111111111111,,200,200,200,True,True,
sub-267,sub-267/ses-1/eeg/sub-267_ses-1_task-EyesClosed_acq-pre_eeg.edf,6a558cd5852503e66df9ac7fdac2f3a7f4ed5f12,1.0.3,23676896,d2ef392fa84a2e7296fc1e230c5b3deec8cdb8b210f3a0bf607c3be4c3493ca4,181,182.0,182,1.0,16896,,True,65,1000,1000.0,FCz,64,64,True,True,True,True,1,ONLY-INITIAL-BOUNDARY,True,False,False,True,True,,ASSESSED-TIME-DOMAIN-ONLY,True,True,42,111111111111111111111111111111111111111111,,200,200,200,True,True,
sub-268,sub-268/ses-1/eeg/sub-268_ses-1_task-EyesClosed_acq-pre_eeg.edf,6a558cd5852503e66df9ac7fdac2f3a7f4ed5f12,1.0.3,23936896,cfeddd4acf9fee8eb628b4792ee9e213b9ef8ea7d681865cd69b0322a62b33b1,183,184.0,184,1.0,16896,,True,65,1000,1000.0,FCz,64,64,True,True,True,True,1,ONLY-INITIAL-BOUNDARY,True,False,False,True,True,,ASSESSED-TIME-DOMAIN-ONLY,True,True,42,111111111111111111111111111111111111111111,,200,200,200,True,True,
sub-269,sub-269/ses-1/eeg/sub-269_ses-1_task-EyesClosed_acq-pre_eeg.edf,6a558cd5852503e66df9ac7fdac2f3a7f4ed5f12,1.0.3,24066896,3a838dd5629989805316b0fa1926aca4baa093435ec0164ade7d773ecfac02eb,184,185.0,185,1.0,16896,,True,65,1000,1000.0,FCz,64,64,True,True,True,True,1,ONLY-INITIAL-BOUNDARY,True,False,False,True,True,,ASSESSED-TIME-DOMAIN-ONLY,True,True,42,111111111111111111111111111111111111111111,,200,200,200,True,True,
sub-270,sub-270/ses-1/eeg/sub-270_ses-1_task-EyesClosed_acq-pre_eeg.edf,6a558cd5852503e66df9ac7fdac2f3a7f4ed5f12,1.0.3,29786896,480fe1e8ccfcb1665f25c2715fac15747782136baf1f727b498b88926b2460c4,228,229.0,229,1.0,16896,,True,65,1000,1000.0,FCz,64,64,True,True,True,True,1160,OTHER-TASK-MARKERS,True,False,True,True,False,other_task_markers,NOT-ASSESSED-STRUCTURAL-FAIL,False,False,,,,,,,False,False,other_task_markers
sub-271,sub-271/ses-1/eeg/sub-271_ses-1_task-EyesClosed_acq-pre_eeg.edf,6a558cd5852503e66df9ac7fdac2f3a7f4ed5f12,1.0.3,24196896,60d923a0a661fecf06f5fc5fa49cfb5ca7c18494e8a1fe02e4b92b4c25319818,185,186.0,186,1.0,16896,,True,65,1000,1000.0,FCz,64,64,True,True,True,True,1,ONLY-INITIAL-BOUNDARY,True,False,False,True,True,,ASSESSED-TIME-DOMAIN-ONLY,True,True,42,111111111111111111111111111111111111111111,,200,200,200,True,True,
sub-272,sub-272/ses-1/eeg/sub-272_ses-1_task-EyesClosed_acq-pre_eeg.edf,6a558cd5852503e66df9ac7fdac2f3a7f4ed5f12,1.0.3,25106896,1643a1764aca9db54b331dba62fc7b085ddcfb348afda2606dffb7eb75e9ad62,192,193.0,193,1.0,16896,,True,65,1000,1000.0,FCz,64,64,True,True,True,True,1,ONLY-INITIAL-BOUNDARY,True,False,False,True,True,,ASSESSED-TIME-DOMAIN-ONLY,True,True,42,111111111111111111111111111111111111111111,,200,200,200,True,True,
sub-273,sub-273/ses-1/eeg/sub-273_ses-1_task-EyesClosed_acq-pre_eeg.edf,6a558cd5852503e66df9ac7fdac2f3a7f4ed5f12,1.0.3,23806896,897c91a19d07516617e7f96ba227aef270fe2d8d9fc733e4b10c15a8692789b3,182,183.0,183,1.0,16896,,True,65,1000,1000.0,FCz,64,64,True,True,True,True,1,ONLY-INITIAL-BOUNDARY,True,False,False,True,True,,ASSESSED-TIME-DOMAIN-ONLY,True,True,42,111111111111111111111111111111111111111111,,200,200,200,True,True,
sub-274,sub-274/ses-1/eeg/sub-274_ses-1_task-EyesClosed_acq-pre_eeg.edf,6a558cd5852503e66df9ac7fdac2f3a7f4ed5f12,1.0.3,23806896,06246d5083ae9bf239a0d3cfa8b69b4b527a58b545633b047056ff127fb27c7d,182,183.0,183,1.0,16896,,True,65,1000,1000.0,FCz,64,64,True,True,True,True,1,ONLY-INITIAL-BOUNDARY,True,False,False,True,True,,ASSESSED-TIME-DOMAIN-ONLY,True,True,42,111111111111111111111111111111111111111111,,200,200,200,True,True,
sub-275,sub-275/ses-1/eeg/sub-275_ses-1_task-EyesClosed_acq-pre_eeg.edf,6a558cd5852503e66df9ac7fdac2f3a7f4ed5f12,1.0.3,23676896,faae65925c1d431e75c14acb21304f768c75283bddee08032bcf8a1da63990cb,181,182.0,182,1.0,16896,,True,65,1000,1000.0,FCz,64,64,True,True,True,True,1,ONLY-INITIAL-BOUNDARY,True,False,False,True,True,,ASSESSED-TIME-DOMAIN-ONLY,True,True,42,111111111111111111111111111111111111111111,,200,200,200,True,True,
sub-276,sub-276/ses-1/eeg/sub-276_ses-1_task-EyesClosed_acq-pre_eeg.edf,6a558cd5852503e66df9ac7fdac2f3a7f4ed5f12,1.0.3,24066896,25800e8fa74ed0797100aa7f848173ec918deada4861c529ece0f7e6556c608a,184,185.0,185,1.0,16896,,True,65,1000,1000.0,FCz,64,64,True,True,True,True,1,ONLY-INITIAL-BOUNDARY,True,False,False,True,True,,ASSESSED-TIME-DOMAIN-ONLY,True,True,42,111111111111111111111111111111111111111111,,200,200,200,True,True,
sub-277,sub-277/ses-1/eeg/sub-277_ses-1_task-EyesClosed_acq-pre_eeg.edf,6a558cd5852503e66df9ac7fdac2f3a7f4ed5f12,1.0.3,23676896,b2c378e18dceb83ee9fe9d1b44ee00cb7cd923b3a8ceb4567d01def2b5eeadbd,182,182.0,182,1.0,16896,,True,65,1000,1000.0,FCz,64,64,True,True,True,True,1,ONLY-INITIAL-BOUNDARY,True,False,False,True,True,,ASSESSED-TIME-DOMAIN-ONLY,True,True,42,111111111111111111111111111111111111111111,,200,200,200,True,True,
sub-278,sub-278/ses-1/eeg/sub-278_ses-1_task-EyesClosed_acq-pre_eeg.edf,6a558cd5852503e66df9ac7fdac2f3a7f4ed5f12,1.0.3,23806896,27e4fc00fb9425a37919addbe9a325a4dc1550c86d95414e8f8b3ff79fd6af95,183,183.0,183,1.0,16896,,True,65,1000,1000.0,FCz,64,64,True,True,True,True,201,OTHER-TASK-MARKERS,True,False,True,True,False,other_task_markers,NOT-ASSESSED-STRUCTURAL-FAIL,False,False,,,,,,,False,False,other_task_markers
sub-279,sub-279/ses-1/eeg/sub-279_ses-1_task-EyesClosed_acq-pre_eeg.edf,6a558cd5852503e66df9ac7fdac2f3a7f4ed5f12,1.0.3,27836896,0661cfb684fa70d4c969a137fa29b4ac91b0b58db98b256d079d77de5da40b6c,213,214.0,214,1.0,16896,,True,65,1000,1000.0,FCz,64,64,True,True,True,True,1083,OTHER-TASK-MARKERS,True,False,True,True,False,other_task_markers,NOT-ASSESSED-STRUCTURAL-FAIL,False,False,,,,,,,False,False,other_task_markers
sub-280,sub-280/ses-1/eeg/sub-280_ses-1_task-EyesClosed_acq-pre_eeg.edf,6a558cd5852503e66df9ac7fdac2f3a7f4ed5f12,1.0.3,24586896,6b3908aece95da8f13a0b49d07518e1845a03a63db93fa64de97c6c0982cf03d,189,189.0,189,1.0,16896,,True,65,1000,1000.0,FCz,64,64,True,True,True,True,1,ONLY-INITIAL-BOUNDARY,True,False,False,True,True,,ASSESSED-TIME-DOMAIN-ONLY,True,True,42,111111111111111111111111111111111111111111,,200,200,200,True,True,
sub-281,sub-281/ses-1/eeg/sub-281_ses-1_task-EyesClosed_acq-pre_eeg.edf,6a558cd5852503e66df9ac7fdac2f3a7f4ed5f12,1.0.3,24326896,ed722e11afa363017d4624d8b5b0ffb517e1b370ecd7d8581b84cda2410a2b17,186,187.0,187,1.0,16896,,True,65,1000,1000.0,FCz,64,64,True,True,True,True,1,ONLY-INITIAL-BOUNDARY,True,False,False,True,True,,ASSESSED-TIME-DOMAIN-ONLY,True,True,42,111111111111111111111111111111111111111111,,200,200,200,True,True,
sub-282,sub-282/ses-1/eeg/sub-282_ses-1_task-EyesClosed_acq-pre_eeg.edf,6a558cd5852503e66df9ac7fdac2f3a7f4ed5f12,1.0.3,23936896,c023f90a64f1e3a788400b3ea2fcc172be52af7430f2b41fbbb8685506f5cc3f,184,184.0,184,1.0,16896,,True,65,1000,1000.0,FCz,64,64,True,True,True,True,1,ONLY-INITIAL-BOUNDARY,True,False,False,True,True,,ASSESSED-TIME-DOMAIN-ONLY,True,True,42,111111111111111111111111111111111111111111,,200,200,200,True,True,
sub-283,sub-283/ses-1/eeg/sub-283_ses-1_task-EyesClosed_acq-pre_eeg.edf,6a558cd5852503e66df9ac7fdac2f3a7f4ed5f12,1.0.3,23806896,63a4bfdd07b0c0fb6265c286f94286f4c94b72742a5476be99e95abbd2801f3b,182,183.0,183,1.0,16896,,True,65,1000,1000.0,FCz,64,64,True,True,True,True,1,ONLY-INITIAL-BOUNDARY,True,False,False,True,True,,ASSESSED-TIME-DOMAIN-ONLY,True,True,42,111111111111111111111111111111111111111111,,200,200,200,True,True,
sub-284,sub-284/ses-1/eeg/sub-284_ses-1_task-EyesClosed_acq-pre_eeg.edf,6a558cd5852503e66df9ac7fdac2f3a7f4ed5f12,1.0.3,23936896,67ef68c6800c42ee45c438d229ff9bbd0df17e8d70800592863ef589ac675a47,183,184.0,184,1.0,16896,,True,65,1000,1000.0,FCz,64,64,True,True,True,True,1,ONLY-INITIAL-BOUNDARY,True,False,False,True,True,,ASSESSED-TIME-DOMAIN-ONLY,True,True,42,111111111111111111111111111111111111111111,,200,200,200,True,True,
sub-285,sub-285/ses-1/eeg/sub-285_ses-1_task-EyesClosed_acq-pre_eeg.edf,6a558cd5852503e66df9ac7fdac2f3a7f4ed5f12,1.0.3,24066896,3a32b6495517730e67dc245288ea3394e33a29fdc3572530f75ca98a0242a51c,184,185.0,185,1.0,16896,,True,65,1000,1000.0,FCz,64,64,True,True,True,True,1,ONLY-INITIAL-BOUNDARY,True,False,False,True,True,,ASSESSED-TIME-DOMAIN-ONLY,True,True,42,111111111111111111111111111111111111111111,,200,200,200,True,True,
sub-286,sub-286/ses-1/eeg/sub-286_ses-1_task-EyesClosed_acq-pre_eeg.edf,6a558cd5852503e66df9ac7fdac2f3a7f4ed5f12,1.0.3,26666896,6a35edd96f577284452859d4ac12c3b307b54e14124f814e46d2c57483f537e3,205,205.0,205,1.0,16896,,True,65,1000,1000.0,FCz,64,64,True,True,True,True,21,OTHER-TASK-MARKERS,True,False,True,True,False,other_task_markers,NOT-ASSESSED-STRUCTURAL-FAIL,False,False,,,,,,,False,False,other_task_markers
sub-287,sub-287/ses-1/eeg/sub-287_ses-1_task-EyesClosed_acq-pre_eeg.edf,6a558cd5852503e66df9ac7fdac2f3a7f4ed5f12,1.0.3,24586896,bbb34e83692cbe0b30701c046176412882338423783b0b1b606f5c22df67578c,188,189.0,189,1.0,16896,,True,65,1000,1000.0,FCz,64,64,True,True,True,True,1,ONLY-INITIAL-BOUNDARY,True,False,False,True,True,,ASSESSED-TIME-DOMAIN-ONLY,True,True,42,111111111111111111111111111111111111111111,,200,200,200,True,True,
sub-288,sub-288/ses-1/eeg/sub-288_ses-1_task-EyesClosed_acq-pre_eeg.edf,6a558cd5852503e66df9ac7fdac2f3a7f4ed5f12,1.0.3,23936896,4c25da428ff16d271edd5acf5f88417b73db883ab747aeca2cb6abd746e315ac,184,184.0,184,1.0,16896,,True,65,1000,1000.0,FCz,64,64,True,True,True,True,1,ONLY-INITIAL-BOUNDARY,True,False,False,True,True,,ASSESSED-TIME-DOMAIN-ONLY,True,True,42,111111111111111111111111111111111111111111,,200,200,200,True,True,
sub-289,sub-289/ses-1/eeg/sub-289_ses-1_task-EyesClosed_acq-pre_eeg.edf,6a558cd5852503e66df9ac7fdac2f3a7f4ed5f12,1.0.3,27056896,fa012f277cb9d5f43f7e1a08d77deb103e9955f00ea36b4ab456bbfb0ae74792,208,208.0,208,1.0,16896,,True,65,1000,1000.0,FCz,64,64,True,True,True,True,1,ONLY-INITIAL-BOUNDARY,True,False,False,True,True,,ASSESSED-TIME-DOMAIN-ONLY,True,True,42,111111111111111111111111111111111111111111,,200,200,200,True,True,
sub-290,sub-290/ses-1/eeg/sub-290_ses-1_task-EyesClosed_acq-pre_eeg.edf,6a558cd5852503e66df9ac7fdac2f3a7f4ed5f12,1.0.3,23676896,59cefebc163e22410cfcdc74909008d5ba76abf3413dbe9d66cca4d70d4f16a5,182,182.0,182,1.0,16896,,True,65,1000,1000.0,FCz,64,64,True,True,True,True,1,ONLY-INITIAL-BOUNDARY,True,False,False,True,True,,ASSESSED-TIME-DOMAIN-ONLY,True,True,42,111111111111111111111111111111111111111111,,200,200,200,True,True,
sub-291,sub-291/ses-1/eeg/sub-291_ses-1_task-EyesClosed_acq-pre_eeg.edf,6a558cd5852503e66df9ac7fdac2f3a7f4ed5f12,1.0.3,24326896,75422dfa83a9538be63e7d310403a729a44b8728cb1af022ed888f3fb2253e3f,186,187.0,187,1.0,16896,,True,65,1000,1000.0,FCz,64,64,True,True,True,True,1,ONLY-INITIAL-BOUNDARY,True,False,False,True,True,,ASSESSED-TIME-DOMAIN-ONLY,True,True,42,111111111111111111111111111111111111111111,,200,200,200,True,True,
sub-292,sub-292/ses-1/eeg/sub-292_ses-1_task-EyesClosed_acq-pre_eeg.edf,6a558cd5852503e66df9ac7fdac2f3a7f4ed5f12,1.0.3,23806896,3658d9aebae7b43acf2c5036b531f8f21a7db45268456930a80a64e223e81794,183,183.0,183,1.0,16896,,True,65,1000,1000.0,FCz,64,64,True,True,True,True,1,ONLY-INITIAL-BOUNDARY,True,False,False,True,True,,ASSESSED-TIME-DOMAIN-ONLY,True,True,42,111111111111111111111111111111111111111111,,200,200,200,True,True,
sub-293,sub-293/ses-1/eeg/sub-293_ses-1_task-EyesClosed_acq-pre_eeg.edf,6a558cd5852503e66df9ac7fdac2f3a7f4ed5f12,1.0.3,24196896,d65b35bb668f802491663005771fe56c88df6ba74c8cf2daa4ba874e289557ad,186,186.0,186,1.0,16896,,True,65,1000,1000.0,FCz,64,64,True,True,True,True,38,OTHER-TASK-MARKERS,True,False,True,True,False,other_task_markers,NOT-ASSESSED-STRUCTURAL-FAIL,False,False,,,,,,,False,False,other_task_markers
sub-294,sub-294/ses-1/eeg/sub-294_ses-1_task-EyesClosed_acq-pre_eeg.edf,6a558cd5852503e66df9ac7fdac2f3a7f4ed5f12,1.0.3,23806896,3b5695b26761e40c469382ec757fd9b5f3130d0585ee07301ebe340b0a4c2c5f,182,183.0,183,1.0,16896,,True,65,1000,1000.0,FCz,64,64,True,True,True,True,1,ONLY-INITIAL-BOUNDARY,True,False,False,True,True,,ASSESSED-TIME-DOMAIN-ONLY,True,True,42,111111111111111111111111111111111111111111,,200,200,200,True,True,
sub-295,sub-295/ses-1/eeg/sub-295_ses-1_task-EyesClosed_acq-pre_eeg.edf,6a558cd5852503e66df9ac7fdac2f3a7f4ed5f12,1.0.3,23936896,b9f580d3e401ff9911bceb235b0b26b22e9eadd696a3cbe620274a1bc0a431c2,184,184.0,184,1.0,16896,,True,65,1000,1000.0,FCz,64,64,True,True,True,True,1,ONLY-INITIAL-BOUNDARY,True,False,False,True,True,,ASSESSED-TIME-DOMAIN-ONLY,True,True,42,111111111111111111111111111111111111111111,,200,200,200,True,True,
sub-296,sub-296/ses-1/eeg/sub-296_ses-1_task-EyesClosed_acq-pre_eeg.edf,6a558cd5852503e66df9ac7fdac2f3a7f4ed5f12,1.0.3,24196896,0837a4c4002f590cb57cd25e83f5a0167ca73170c8d7fd24406b691785693ca9,185,186.0,186,1.0,16896,,True,65,1000,1000.0,FCz,64,64,True,True,True,True,131,OTHER-TASK-MARKERS,True,False,True,True,False,other_task_markers,NOT-ASSESSED-STRUCTURAL-FAIL,False,False,,,,,,,False,False,other_task_markers
sub-297,sub-297/ses-1/eeg/sub-297_ses-1_task-EyesClosed_acq-pre_eeg.edf,6a558cd5852503e66df9ac7fdac2f3a7f4ed5f12,1.0.3,24066896,9956af0f3499aa053b9feb2df412ddeea3b26a1c875009a8f708a17552166721,185,185.0,185,1.0,16896,,True,65,1000,1000.0,FCz,64,64,True,True,True,True,1,ONLY-INITIAL-BOUNDARY,True,False,False,True,True,,ASSESSED-TIME-DOMAIN-ONLY,True,True,42,111111111111111111111111111111111111111111,,200,200,200,True,True,
sub-298,sub-298/ses-1/eeg/sub-298_ses-1_task-EyesClosed_acq-pre_eeg.edf,6a558cd5852503e66df9ac7fdac2f3a7f4ed5f12,1.0.3,25236896,f1979a8de456438f6e3f5744679fc1ecfd52645fa904f96300a1078585c69320,193,194.0,194,1.0,16896,,True,65,1000,1000.0,FCz,64,64,True,True,True,True,1,ONLY-INITIAL-BOUNDARY,True,False,False,True,True,,ASSESSED-TIME-DOMAIN-ONLY,True,True,42,111111111111111111111111111111111111111111,,200,200,200,True,True,
sub-299,sub-299/ses-1/eeg/sub-299_ses-1_task-EyesClosed_acq-pre_eeg.edf,6a558cd5852503e66df9ac7fdac2f3a7f4ed5f12,1.0.3,23936896,8d8ab55a3bc2a771172ff00d3614d890c24ecead88f1a86653a3288a330a21e8,184,184.0,184,1.0,16896,,True,65,1000,1000.0,FCz,64,64,True,True,True,True,1,ONLY-INITIAL-BOUNDARY,True,False,False,True,True,,ASSESSED-TIME-DOMAIN-ONLY,True,True,42,111111111111111111111111111111111111111111,,200,200,200,True,True,
sub-300,sub-300/ses-1/eeg/sub-300_ses-1_task-EyesClosed_acq-pre_eeg.edf,6a558cd5852503e66df9ac7fdac2f3a7f4ed5f12,1.0.3,23936896,7e137afa312a7c350095737817069207ed4cf9e984762fc1b72018efc157c418,184,184.0,184,1.0,16896,,True,65,1000,1000.0,FCz,64,64,True,True,True,True,1,ONLY-INITIAL-BOUNDARY,True,False,False,True,True,,ASSESSED-TIME-DOMAIN-ONLY,True,True,42,111111111111111111111111111111111111111111,,200,200,200,True,True,
sub-301,sub-301/ses-1/eeg/sub-301_ses-1_task-EyesClosed_acq-pre_eeg.edf,6a558cd5852503e66df9ac7fdac2f3a7f4ed5f12,1.0.3,24976896,d7be581dc0c6b8f44ff204cb9f3bc27441a2f10870af95e5ef3a538f4b28e1eb,192,192.0,192,1.0,16896,,True,65,1000,1000.0,FCz,64,64,True,True,True,True,1,ONLY-INITIAL-BOUNDARY,True,False,False,True,True,,ASSESSED-TIME-DOMAIN-ONLY,True,True,42,111111111111111111111111111111111111111111,,200,200,200,True,True,
sub-302,sub-302/ses-1/eeg/sub-302_ses-1_task-EyesClosed_acq-pre_eeg.edf,6a558cd5852503e66df9ac7fdac2f3a7f4ed5f12,1.0.3,23676896,16cf60cc61f5895571608a115eb62f98b5a8d8cf83487c819a26f5a19a4a1784,181,182.0,182,1.0,16896,,True,65,1000,1000.0,FCz,64,64,True,True,True,True,1,ONLY-INITIAL-BOUNDARY,True,False,False,True,True,,ASSESSED-TIME-DOMAIN-ONLY,True,True,42,111111111111111111111111111111111111111111,,200,200,200,True,True,
sub-303,sub-303/ses-1/eeg/sub-303_ses-1_task-EyesClosed_acq-pre_eeg.edf,6a558cd5852503e66df9ac7fdac2f3a7f4ed5f12,1.0.3,23806896,0107a30871e217142829f671a555be0871f89d154f4a9223f1343a96f87b29ac,183,183.0,183,1.0,16896,,True,65,1000,1000.0,FCz,64,64,True,True,True,True,1,ONLY-INITIAL-BOUNDARY,True,False,False,True,True,,ASSESSED-TIME-DOMAIN-ONLY,True,True,41,111111111111111111111111111111101111111111,31:centered_abs_gt_500uV|p2p_gt_1000uV,200,200,200,False,True,
sub-304,sub-304/ses-1/eeg/sub-304_ses-1_task-EyesClosed_acq-pre_eeg.edf,6a558cd5852503e66df9ac7fdac2f3a7f4ed5f12,1.0.3,24066896,8138afc087b5e1d70072c76e7c97ff50524dddaff39f69d0c32a847f7fb9df03,185,185.0,185,1.0,16896,,True,65,1000,1000.0,FCz,64,64,True,True,True,True,1,ONLY-INITIAL-BOUNDARY,True,False,False,True,True,,ASSESSED-TIME-DOMAIN-ONLY,True,True,42,111111111111111111111111111111111111111111,,200,200,200,True,True,
sub-305,sub-305/ses-1/eeg/sub-305_ses-1_task-EyesClosed_acq-pre_eeg.edf,6a558cd5852503e66df9ac7fdac2f3a7f4ed5f12,1.0.3,23806896,dc9c44d6b905c7ce3490126beef1852d422922589944c9ef00227c867367d1c1,182,183.0,183,1.0,16896,,True,65,1000,1000.0,FCz,64,64,True,True,True,True,1,ONLY-INITIAL-BOUNDARY,True,False,False,True,True,,ASSESSED-TIME-DOMAIN-ONLY,True,True,42,111111111111111111111111111111111111111111,,200,200,200,True,True,
sub-306,sub-306/ses-1/eeg/sub-306_ses-1_task-EyesClosed_acq-pre_eeg.edf,6a558cd5852503e66df9ac7fdac2f3a7f4ed5f12,1.0.3,30956896,a89a03c51feeb1a9f9e35e9a795f6f12332bb09d03d4f7e8d8f1ec4c45e78dba,238,238.0,238,1.0,16896,,True,65,1000,1000.0,FCz,64,64,True,True,True,True,1210,OTHER-TASK-MARKERS,True,False,True,True,False,other_task_markers,NOT-ASSESSED-STRUCTURAL-FAIL,False,False,,,,,,,False,False,other_task_markers
sub-307,sub-307/ses-1/eeg/sub-307_ses-1_task-EyesClosed_acq-pre_eeg.edf,6a558cd5852503e66df9ac7fdac2f3a7f4ed5f12,1.0.3,24326896,38e1f9401c974ff29aa0c98373a3d3546270685b629bcd953f7aa5a12e085a8e,187,187.0,187,1.0,16896,,True,65,1000,1000.0,FCz,64,64,True,True,True,True,1,ONLY-INITIAL-BOUNDARY,True,False,False,True,True,,ASSESSED-TIME-DOMAIN-ONLY,True,True,42,111111111111111111111111111111111111111111,,200,200,200,True,True,
sub-308,sub-308/ses-1/eeg/sub-308_ses-1_task-EyesClosed_acq-pre_eeg.edf,6a558cd5852503e66df9ac7fdac2f3a7f4ed5f12,1.0.3,23806896,8f255541128a600ad641666eb24f35a4b13e2f6c4c145522059139ce1e56d04a,182,183.0,183,1.0,16896,,True,65,1000,1000.0,FCz,64,64,True,True,True,True,1,ONLY-INITIAL-BOUNDARY,True,False,False,True,True,,ASSESSED-TIME-DOMAIN-ONLY,True,True,42,111111111111111111111111111111111111111111,,200,200,200,True,True,
sub-309,sub-309/ses-1/eeg/sub-309_ses-1_task-EyesClosed_acq-pre_eeg.edf,6a558cd5852503e66df9ac7fdac2f3a7f4ed5f12,1.0.3,23676896,55107b8f6e33ae2a08ae784bf4f26c0eab3eeede59172974051fe12e00af7977,182,182.0,182,1.0,16896,,True,65,1000,1000.0,FCz,64,64,True,True,True,True,1,ONLY-INITIAL-BOUNDARY,True,False,False,True,True,,ASSESSED-TIME-DOMAIN-ONLY,True,True,42,111111111111111111111111111111111111111111,,200,200,200,True,True,
sub-310,sub-310/ses-1/eeg/sub-310_ses-1_task-EyesClosed_acq-pre_eeg.edf,6a558cd5852503e66df9ac7fdac2f3a7f4ed5f12,1.0.3,23936896,2b070a1aa2cccb1fc99717deb3f727106a4f229ea3a45fb418d8775ae3249517,183,184.0,184,1.0,16896,,True,65,1000,1000.0,FCz,64,64,True,True,True,True,1,ONLY-INITIAL-BOUNDARY,True,False,False,True,True,,ASSESSED-TIME-DOMAIN-ONLY,True,True,42,111111111111111111111111111111111111111111,,200,200,200,True,True,
sub-311,sub-311/ses-1/eeg/sub-311_ses-1_task-EyesClosed_acq-pre_eeg.edf,6a558cd5852503e66df9ac7fdac2f3a7f4ed5f12,1.0.3,23806896,43e78fa9592d931827e24db0daba29a0075a38a0ae0768f657855007b44c27fd,183,183.0,183,1.0,16896,,True,65,1000,1000.0,FCz,64,64,True,True,True,True,1,ONLY-INITIAL-BOUNDARY,True,False,False,True,True,,ASSESSED-TIME-DOMAIN-ONLY,True,True,42,111111111111111111111111111111111111111111,,200,200,200,True,True,
sub-312,sub-312/ses-1/eeg/sub-312_ses-1_task-EyesClosed_acq-pre_eeg.edf,6a558cd5852503e66df9ac7fdac2f3a7f4ed5f12,1.0.3,23936896,fbf69833b64f876029b8c67014e6c3ed4feef28cfa929fc33088b318ea54429b,183,184.0,184,1.0,16896,,True,65,1000,1000.0,FCz,64,64,True,True,True,True,1,ONLY-INITIAL-BOUNDARY,True,False,False,True,True,,ASSESSED-TIME-DOMAIN-ONLY,True,True,42,111111111111111111111111111111111111111111,,200,200,200,True,True,
sub-313,sub-313/ses-1/eeg/sub-313_ses-1_task-EyesClosed_acq-pre_eeg.edf,6a558cd5852503e66df9ac7fdac2f3a7f4ed5f12,1.0.3,25106896,2b124280ac718f1c2b7ef5f6e04688f472d0d6abcb621cd12417b79c9c1267ff,193,193.0,193,1.0,16896,,True,65,1000,1000.0,FCz,64,64,True,True,True,True,1,ONLY-INITIAL-BOUNDARY,True,False,False,True,True,,ASSESSED-TIME-DOMAIN-ONLY,True,True,42,111111111111111111111111111111111111111111,,200,200,200,True,True,
sub-314,sub-314/ses-1/eeg/sub-314_ses-1_task-EyesClosed_acq-pre_eeg.edf,6a558cd5852503e66df9ac7fdac2f3a7f4ed5f12,1.0.3,23676896,7b2919033b96d0b12720726ddfb6549ec68ac5da382876ff819985baaa245259,182,182.0,182,1.0,16896,,True,65,1000,1000.0,FCz,64,64,True,True,True,True,1,ONLY-INITIAL-BOUNDARY,True,False,False,True,True,,ASSESSED-TIME-DOMAIN-ONLY,True,True,42,111111111111111111111111111111111111111111,,200,200,200,True,True,
sub-315,sub-315/ses-1/eeg/sub-315_ses-1_task-EyesClosed_acq-pre_eeg.edf,6a558cd5852503e66df9ac7fdac2f3a7f4ed5f12,1.0.3,23806896,56a39a8b6af7f91edcbf89bd8b598b79eb9f5c29b654a6c7f480078be57a0d8f,182,183.0,183,1.0,16896,,True,65,1000,1000.0,FCz,64,64,True,True,True,True,1,ONLY-INITIAL-BOUNDARY,True,False,False,True,True,,ASSESSED-TIME-DOMAIN-ONLY,True,True,42,111111111111111111111111111111111111111111,,200,200,200,True,True,
sub-316,sub-316/ses-1/eeg/sub-316_ses-1_task-EyesClosed_acq-pre_eeg.edf,6a558cd5852503e66df9ac7fdac2f3a7f4ed5f12,1.0.3,23936896,1bcf094a51de397fdcb4215dfdd931c6e2da1232b316b1fd73f569bf2c419eb0,184,184.0,184,1.0,16896,,True,65,1000,1000.0,FCz,64,64,True,True,True,True,1,ONLY-INITIAL-BOUNDARY,True,False,False,True,True,,ASSESSED-TIME-DOMAIN-ONLY,True,True,42,111111111111111111111111111111111111111111,,200,200,200,True,True,
sub-317,sub-317/ses-1/eeg/sub-317_ses-1_task-EyesClosed_acq-pre_eeg.edf,6a558cd5852503e66df9ac7fdac2f3a7f4ed5f12,1.0.3,26146896,ecc63a88a6cc377dc1bb8b9a68bc320a3f023b693c69d45f26914c94fa0ea8b1,200,201.0,201,1.0,16896,,True,65,1000,1000.0,FCz,64,64,True,True,True,True,1,ONLY-INITIAL-BOUNDARY,True,False,False,True,True,,ASSESSED-TIME-DOMAIN-ONLY,True,True,42,111111111111111111111111111111111111111111,,200,200,200,True,True,
sub-318,sub-318/ses-1/eeg/sub-318_ses-1_task-EyesClosed_acq-pre_eeg.edf,6a558cd5852503e66df9ac7fdac2f3a7f4ed5f12,1.0.3,23936896,38e736c6ba1a9b3b62f75632d96c52e5d13be86c52ca5d1e8fca423a892d9698,183,184.0,184,1.0,16896,,True,65,1000,1000.0,FCz,64,64,True,True,True,True,1,ONLY-INITIAL-BOUNDARY,True,False,False,True,True,,ASSESSED-TIME-DOMAIN-ONLY,True,True,42,111111111111111111111111111111111111111111,,200,200,200,True,True,
sub-319,sub-319/ses-1/eeg/sub-319_ses-1_task-EyesClosed_acq-pre_eeg.edf,6a558cd5852503e66df9ac7fdac2f3a7f4ed5f12,1.0.3,23806896,7fd2678fde67cac4a57f0e316bb34d037ca41145daf452e8844178b5a4d3170d,183,183.0,183,1.0,16896,,True,65,1000,1000.0,FCz,64,64,True,True,True,True,2,ONLY-INITIAL-BOUNDARY,True,False,False,True,True,,ASSESSED-TIME-DOMAIN-ONLY,True,True,41,110111111111111111111111111111111111111111,2:centered_abs_gt_500uV|p2p_gt_1000uV|step_gt_200uV,200,200,200,False,True,
sub-320,sub-320/ses-1/eeg/sub-320_ses-1_task-EyesClosed_acq-pre_eeg.edf,6a558cd5852503e66df9ac7fdac2f3a7f4ed5f12,1.0.3,23806896,cd4d957b29ad5c129e754a362256aa40f8bacae6b53207632a8c004c9f7ca5a7,182,183.0,183,1.0,16896,,True,65,1000,1000.0,FCz,64,64,True,True,True,True,1,ONLY-INITIAL-BOUNDARY,True,False,False,True,True,,ASSESSED-TIME-DOMAIN-ONLY,True,True,42,111111111111111111111111111111111111111111,,200,200,200,True,True,
sub-321,sub-321/ses-1/eeg/sub-321_ses-1_task-EyesClosed_acq-pre_eeg.edf,6a558cd5852503e66df9ac7fdac2f3a7f4ed5f12,1.0.3,24326896,1b28f8c8eeef76795f20e068a2ef33fbd289aed94cbaa55a28e59982082eb47f,186,187.0,187,1.0,16896,,True,65,1000,1000.0,FCz,64,64,True,True,True,True,1,ONLY-INITIAL-BOUNDARY,True,False,False,True,True,,ASSESSED-TIME-DOMAIN-ONLY,True,True,42,111111111111111111111111111111111111111111,,200,200,200,True,True,
sub-322,sub-322/ses-1/eeg/sub-322_ses-1_task-EyesClosed_acq-pre_eeg.edf,6a558cd5852503e66df9ac7fdac2f3a7f4ed5f12,1.0.3,24326896,386ba9adbe9bc9ec0c9f2839aea1eb6a834576f62d93d997163957bb6c3d892f,186,187.0,187,1.0,16896,,True,65,1000,1000.0,FCz,64,64,True,True,True,True,1,ONLY-INITIAL-BOUNDARY,True,False,False,True,True,,ASSESSED-TIME-DOMAIN-ONLY,True,True,42,111111111111111111111111111111111111111111,,200,200,200,True,True,
sub-323,sub-323/ses-1/eeg/sub-323_ses-1_task-EyesClosed_acq-pre_eeg.edf,6a558cd5852503e66df9ac7fdac2f3a7f4ed5f12,1.0.3,24456896,0ad3a840fe87a658f949be91f5576b82e3062d04249e52059e4513bf9106b895,187,188.0,188,1.0,16896,,True,65,1000,1000.0,FCz,64,64,True,True,True,True,1,ONLY-INITIAL-BOUNDARY,True,False,False,True,True,,ASSESSED-TIME-DOMAIN-ONLY,True,True,42,111111111111111111111111111111111111111111,,200,200,200,True,True,
sub-324,sub-324/ses-1/eeg/sub-324_ses-1_task-EyesClosed_acq-pre_eeg.edf,6a558cd5852503e66df9ac7fdac2f3a7f4ed5f12,1.0.3,23806896,f8959fa10203572547638c2480c62284f7a209b14c3d4ce3b0c362bc403ab4db,182,183.0,183,1.0,16896,,True,65,1000,1000.0,FCz,64,64,True,True,True,True,26,OTHER-TASK-MARKERS,True,False,True,True,False,other_task_markers,NOT-ASSESSED-STRUCTURAL-FAIL,False,False,,,,,,,False,False,other_task_markers
sub-325,sub-325/ses-1/eeg/sub-325_ses-1_task-EyesClosed_acq-pre_eeg.edf,6a558cd5852503e66df9ac7fdac2f3a7f4ed5f12,1.0.3,23936896,9228506418652ce3072a1187af2acc45c30ac993e327eedc79808b3c9563944a,183,184.0,184,1.0,16896,,True,65,1000,1000.0,FCz,64,64,True,True,True,True,1,ONLY-INITIAL-BOUNDARY,True,False,False,True,True,,ASSESSED-TIME-DOMAIN-ONLY,True,True,42,111111111111111111111111111111111111111111,,200,200,200,True,True,
sub-326,sub-326/ses-1/eeg/sub-326_ses-1_task-EyesClosed_acq-pre_eeg.edf,6a558cd5852503e66df9ac7fdac2f3a7f4ed5f12,1.0.3,24976896,318386b8177d354bcc29db7d2ec4605f4400e9da4ea9fb19bf4c7ad4c6803f29,191,192.0,192,1.0,16896,,True,65,1000,1000.0,FCz,64,64,True,True,True,True,1,ONLY-INITIAL-BOUNDARY,True,False,False,True,True,,ASSESSED-TIME-DOMAIN-ONLY,True,True,42,111111111111111111111111111111111111111111,,200,200,200,True,True,
sub-327,sub-327/ses-1/eeg/sub-327_ses-1_task-EyesClosed_acq-pre_eeg.edf,6a558cd5852503e66df9ac7fdac2f3a7f4ed5f12,1.0.3,23936896,f187f366a8f7a9116cd317d4bedcec77a2255c0e4260a4bc17e147a4df601e67,184,184.0,184,1.0,16896,,True,65,1000,1000.0,FCz,64,64,True,True,True,True,31,OTHER-TASK-MARKERS,True,False,True,True,False,other_task_markers,NOT-ASSESSED-STRUCTURAL-FAIL,False,False,,,,,,,False,False,other_task_markers
sub-328,sub-328/ses-1/eeg/sub-328_ses-1_task-EyesClosed_acq-pre_eeg.edf,6a558cd5852503e66df9ac7fdac2f3a7f4ed5f12,1.0.3,25106896,b1bf9f2caf60a8044df4657da163a899579b2ed03b2f712ec5765f4aef5f26ee,192,193.0,193,1.0,16896,,True,65,1000,1000.0,FCz,64,64,True,True,True,True,1,ONLY-INITIAL-BOUNDARY,True,False,False,True,True,,ASSESSED-TIME-DOMAIN-ONLY,True,True,42,111111111111111111111111111111111111111111,,200,200,200,True,True,
sub-329,sub-329/ses-1/eeg/sub-329_ses-1_task-EyesClosed_acq-pre_eeg.edf,6a558cd5852503e66df9ac7fdac2f3a7f4ed5f12,1.0.3,23806896,7f182e2e5f0fcac814f4db22f72332316555f677fc5e32efcd70a042b73250c4,182,183.0,183,1.0,16896,,True,65,1000,1000.0,FCz,64,64,True,True,True,True,882,OTHER-TASK-MARKERS,True,False,True,True,False,other_task_markers,NOT-ASSESSED-STRUCTURAL-FAIL,False,False,,,,,,,False,False,other_task_markers
sub-330,sub-330/ses-1/eeg/sub-330_ses-1_task-EyesClosed_acq-pre_eeg.edf,6a558cd5852503e66df9ac7fdac2f3a7f4ed5f12,1.0.3,29396896,97918a59db88f11909aec5b5939c11c5f936e4c083dc01abf718a14f63442a14,226,226.0,226,1.0,16896,,True,65,1000,1000.0,FCz,64,64,True,True,True,True,1,ONLY-INITIAL-BOUNDARY,True,False,False,True,True,,ASSESSED-TIME-DOMAIN-ONLY,True,True,42,111111111111111111111111111111111111111111,,200,200,200,True,True,
sub-331,sub-331/ses-1/eeg/sub-331_ses-1_task-EyesClosed_acq-pre_eeg.edf,6a558cd5852503e66df9ac7fdac2f3a7f4ed5f12,1.0.3,23676896,3ecc067b037b1e77c981e705a4cdc30cdac82681da560faff15603a7a7235033,182,182.0,182,1.0,16896,,True,65,1000,1000.0,FCz,64,64,True,True,True,True,1,ONLY-INITIAL-BOUNDARY,True,False,False,True,True,,ASSESSED-TIME-DOMAIN-ONLY,True,True,42,111111111111111111111111111111111111111111,,200,200,200,True,True,
sub-332,sub-332/ses-1/eeg/sub-332_ses-1_task-EyesClosed_acq-pre_eeg.edf,6a558cd5852503e66df9ac7fdac2f3a7f4ed5f12,1.0.3,25366896,51c4385b39b64b70b3262dfef6c21699e72aced0751b0015d5ea589753030c15,194,195.0,195,1.0,16896,,True,65,1000,1000.0,FCz,64,64,True,True,True,True,1,ONLY-INITIAL-BOUNDARY,True,False,False,True,True,,ASSESSED-TIME-DOMAIN-ONLY,True,True,42,111111111111111111111111111111111111111111,,200,200,200,True,True,
sub-333,sub-333/ses-1/eeg/sub-333_ses-1_task-EyesClosed_acq-pre_eeg.edf,6a558cd5852503e66df9ac7fdac2f3a7f4ed5f12,1.0.3,23676896,c2aa3885fe98747a548d7340b0d8f30324d6c260f4e9c024cccdf686ab281e94,182,182.0,182,1.0,16896,,True,65,1000,1000.0,FCz,64,64,True,True,True,True,1,ONLY-INITIAL-BOUNDARY,True,False,False,True,True,,ASSESSED-TIME-DOMAIN-ONLY,True,True,42,111111111111111111111111111111111111111111,,200,200,200,True,True,
sub-334,sub-334/ses-1/eeg/sub-334_ses-1_task-EyesClosed_acq-pre_eeg.edf,6a558cd5852503e66df9ac7fdac2f3a7f4ed5f12,1.0.3,23936896,0a1578522b7d0f51b1cbbbf739fe054924627e91079b3e379fd1f234fd97fde2,184,184.0,184,1.0,16896,,True,65,1000,1000.0,FCz,64,64,True,True,True,True,1,ONLY-INITIAL-BOUNDARY,True,False,False,True,True,,ASSESSED-TIME-DOMAIN-ONLY,True,True,42,111111111111111111111111111111111111111111,,200,200,200,True,True,
sub-335,sub-335/ses-1/eeg/sub-335_ses-1_task-EyesClosed_acq-pre_eeg.edf,6a558cd5852503e66df9ac7fdac2f3a7f4ed5f12,1.0.3,37716896,c9a3f255c03bf87e0c17f4f757bc593e8d65212f4e287b45c735ae25af7098f6,289,290.0,290,1.0,16896,,True,65,1000,1000.0,FCz,64,64,True,True,True,True,1,ONLY-INITIAL-BOUNDARY,True,False,False,True,True,,ASSESSED-TIME-DOMAIN-ONLY,True,True,42,111111111111111111111111111111111111111111,,200,200,200,True,True,
sub-336,sub-336/ses-1/eeg/sub-336_ses-1_task-EyesClosed_acq-pre_eeg.edf,6a558cd5852503e66df9ac7fdac2f3a7f4ed5f12,1.0.3,24196896,012b71eec466ce398800a3c4902965d45b59f8b212b40ac5c6a9ea249d125a18,185,186.0,186,1.0,16896,,True,65,1000,1000.0,FCz,64,64,True,True,True,True,17,OTHER-TASK-MARKERS,True,False,True,True,False,other_task_markers,NOT-ASSESSED-STRUCTURAL-FAIL,False,False,,,,,,,False,False,other_task_markers
sub-337,sub-337/ses-1/eeg/sub-337_ses-1_task-EyesClosed_acq-pre_eeg.edf,6a558cd5852503e66df9ac7fdac2f3a7f4ed5f12,1.0.3,23676896,13038e082584930c03fa0617f2d9d198d85f59c3b5b1242702468152a1d30c74,182,182.0,182,1.0,16896,,True,65,1000,1000.0,FCz,64,64,True,True,True,True,1,ONLY-INITIAL-BOUNDARY,True,False,False,True,True,,ASSESSED-TIME-DOMAIN-ONLY,True,True,42,111111111111111111111111111111111111111111,,200,200,200,True,True,
sub-338,sub-338/ses-1/eeg/sub-338_ses-1_task-EyesClosed_acq-pre_eeg.edf,6a558cd5852503e66df9ac7fdac2f3a7f4ed5f12,1.0.3,24326896,3fa393a068637f07365ef490c4757878990d35c8ee6803c1ef581bb6e403e835,187,187.0,187,1.0,16896,,True,65,1000,1000.0,FCz,64,64,True,True,True,True,1,ONLY-INITIAL-BOUNDARY,True,False,False,True,True,,ASSESSED-TIME-DOMAIN-ONLY,True,True,42,111111111111111111111111111111111111111111,,200,200,200,True,True,
sub-339,sub-339/ses-1/eeg/sub-339_ses-1_task-EyesClosed_acq-pre_eeg.edf,6a558cd5852503e66df9ac7fdac2f3a7f4ed5f12,1.0.3,23676896,0c24c2983121117ac87a246f9d452a38514c677015679a8784ecd72ee5198cd4,182,182.0,182,1.0,16896,,True,65,1000,1000.0,FCz,64,64,True,True,True,True,1,ONLY-INITIAL-BOUNDARY,True,False,False,True,True,,ASSESSED-TIME-DOMAIN-ONLY,True,True,42,111111111111111111111111111111111111111111,,200,200,200,True,True,
sub-340,sub-340/ses-1/eeg/sub-340_ses-1_task-EyesClosed_acq-pre_eeg.edf,6a558cd5852503e66df9ac7fdac2f3a7f4ed5f12,1.0.3,23936896,764f2afac4bfb91c86e48caef8ecebe8a3e69d5801a100f8f6fd1083b48cd0d7,184,184.0,184,1.0,16896,,True,65,1000,1000.0,FCz,64,64,True,True,True,True,1,ONLY-INITIAL-BOUNDARY,True,False,False,True,True,,ASSESSED-TIME-DOMAIN-ONLY,True,True,41,111111111111111011111111111111111111111111,15:step_gt_200uV,200,200,200,False,True,
sub-341,sub-341/ses-1/eeg/sub-341_ses-1_task-EyesClosed_acq-pre_eeg.edf,6a558cd5852503e66df9ac7fdac2f3a7f4ed5f12,1.0.3,23936896,b104210a018c376a91768709b8fad86433b9228601ed04a04fdb61500966d04d,184,184.0,184,1.0,16896,,True,65,1000,1000.0,FCz,64,64,True,True,True,True,1,ONLY-INITIAL-BOUNDARY,True,False,False,True,True,,ASSESSED-TIME-DOMAIN-ONLY,True,True,42,111111111111111111111111111111111111111111,,200,200,200,True,True,
sub-342,sub-342/ses-1/eeg/sub-342_ses-1_task-EyesClosed_acq-pre_eeg.edf,6a558cd5852503e66df9ac7fdac2f3a7f4ed5f12,1.0.3,24066896,524660f999e41bf43c7f51c3fcb339a927a97dca30c4905a602df2448056f7c8,185,185.0,185,1.0,16896,,True,65,1000,1000.0,FCz,64,64,True,True,True,True,1,ONLY-INITIAL-BOUNDARY,True,False,False,True,True,,ASSESSED-TIME-DOMAIN-ONLY,True,True,40,111110111111111111111111110111111111111111,5:centered_abs_gt_500uV;26:centered_abs_gt_500uV,200,200,200,False,True,
sub-343,sub-343/ses-1/eeg/sub-343_ses-1_task-EyesClosed_acq-pre_eeg.edf,6a558cd5852503e66df9ac7fdac2f3a7f4ed5f12,1.0.3,24716896,f7718de9ddd28c9f894a1998b47d72c40b6ff116b45437638ceac877133f035e,189,190.0,190,1.0,16896,,True,65,1000,1000.0,FCz,64,64,True,True,True,True,1,ONLY-INITIAL-BOUNDARY,True,False,False,True,True,,ASSESSED-TIME-DOMAIN-ONLY,True,True,42,111111111111111111111111111111111111111111,,200,200,200,True,True,
sub-344,sub-344/ses-1/eeg/sub-344_ses-1_task-EyesClosed_acq-pre_eeg.edf,6a558cd5852503e66df9ac7fdac2f3a7f4ed5f12,1.0.3,28616896,0a0422d34abfef75347d897f3c01fdfe2d8949bfd3173c621e623ca0ef29ef95,220,220.0,220,1.0,16896,,True,65,1000,1000.0,FCz,64,64,True,True,True,True,1,ONLY-INITIAL-BOUNDARY,True,False,False,True,True,,ASSESSED-TIME-DOMAIN-ONLY,True,True,42,111111111111111111111111111111111111111111,,200,200,200,True,True,
sub-345,sub-345/ses-1/eeg/sub-345_ses-1_task-EyesClosed_acq-pre_eeg.edf,6a558cd5852503e66df9ac7fdac2f3a7f4ed5f12,1.0.3,23806896,618a5d74513321eb0a713cce3d21251814de92b43c38aa3930e6b654536a19e3,183,183.0,183,1.0,16896,,True,65,1000,1000.0,FCz,64,64,True,True,True,True,1,ONLY-INITIAL-BOUNDARY,True,False,False,True,True,,ASSESSED-TIME-DOMAIN-ONLY,True,True,42,111111111111111111111111111111111111111111,,200,200,200,True,True,
sub-346,sub-346/ses-1/eeg/sub-346_ses-1_task-EyesClosed_acq-pre_eeg.edf,6a558cd5852503e66df9ac7fdac2f3a7f4ed5f12,1.0.3,23676896,f154a1331da083c0115a7c63ceedbdc626426037d5232f446b7d6181df63e1f3,182,182.0,182,1.0,16896,,True,65,1000,1000.0,FCz,64,64,True,True,True,True,1,ONLY-INITIAL-BOUNDARY,True,False,False,True,True,,ASSESSED-TIME-DOMAIN-ONLY,True,True,42,111111111111111111111111111111111111111111,,200,200,200,True,True,
sub-347,sub-347/ses-1/eeg/sub-347_ses-1_task-EyesClosed_acq-pre_eeg.edf,6a558cd5852503e66df9ac7fdac2f3a7f4ed5f12,1.0.3,24326896,f545b4fd4c38f89a4e76542c23cccce3d319413e8e0c34bef30199f505efc00a,187,187.0,187,1.0,16896,,True,65,1000,1000.0,FCz,64,64,True,True,True,True,1,ONLY-INITIAL-BOUNDARY,True,False,False,True,True,,ASSESSED-TIME-DOMAIN-ONLY,True,True,42,111111111111111111111111111111111111111111,,200,200,200,True,True,
sub-348,sub-348/ses-1/eeg/sub-348_ses-1_task-EyesClosed_acq-pre_eeg.edf,6a558cd5852503e66df9ac7fdac2f3a7f4ed5f12,1.0.3,29786896,844c2294e851aa0e196ea2d961f77037ea40ae6a9b6065440f9d5172bab2a46f,229,229.0,229,1.0,16896,,True,65,1000,1000.0,FCz,64,64,True,True,True,True,1,ONLY-INITIAL-BOUNDARY,True,False,False,True,True,,ASSESSED-TIME-DOMAIN-ONLY,True,True,42,111111111111111111111111111111111111111111,,200,200,200,True,True,
sub-349,sub-349/ses-1/eeg/sub-349_ses-1_task-EyesClosed_acq-pre_eeg.edf,6a558cd5852503e66df9ac7fdac2f3a7f4ed5f12,1.0.3,23676896,a33d947adff4dc1e495bc923ec05586208b5cf75a72c54fe947989267ad569d9,182,182.0,182,1.0,16896,,True,65,1000,1000.0,FCz,64,64,True,True,True,True,1,ONLY-INITIAL-BOUNDARY,True,False,False,True,True,,ASSESSED-TIME-DOMAIN-ONLY,True,True,42,111111111111111111111111111111111111111111,,200,200,200,True,True,
sub-350,sub-350/ses-1/eeg/sub-350_ses-1_task-EyesClosed_acq-pre_eeg.edf,6a558cd5852503e66df9ac7fdac2f3a7f4ed5f12,1.0.3,23936896,e76df42a07fe71346e179f50ab65394352632dbc1ed7d5b9c5b6643498e18891,184,184.0,184,1.0,16896,,True,65,1000,1000.0,FCz,64,64,True,True,True,True,1,ONLY-INITIAL-BOUNDARY,True,False,False,True,True,,ASSESSED-TIME-DOMAIN-ONLY,True,True,42,111111111111111111111111111111111111111111,,200,200,200,True,True,
sub-351,sub-351/ses-1/eeg/sub-351_ses-1_task-EyesClosed_acq-pre_eeg.edf,6a558cd5852503e66df9ac7fdac2f3a7f4ed5f12,1.0.3,24456896,5080f4156e797ade68d4907e765bca25d5ab163abba4c029e525879243bde5d8,187,188.0,188,1.0,16896,,True,65,1000,1000.0,FCz,64,64,True,True,True,True,1,ONLY-INITIAL-BOUNDARY,True,False,False,True,True,,ASSESSED-TIME-DOMAIN-ONLY,True,True,42,111111111111111111111111111111111111111111,,200,200,200,True,True,
sub-352,sub-352/ses-1/eeg/sub-352_ses-1_task-EyesClosed_acq-pre_eeg.edf,6a558cd5852503e66df9ac7fdac2f3a7f4ed5f12,1.0.3,23806896,ef359f9fb995e9183ea2e42f6902ff7121c6cde66b197990401ece172e000798,182,183.0,183,1.0,16896,,True,65,1000,1000.0,FCz,64,64,True,True,True,True,1,ONLY-INITIAL-BOUNDARY,True,False,False,True,True,,ASSESSED-TIME-DOMAIN-ONLY,True,True,42,111111111111111111111111111111111111111111,,200,200,200,True,True,
sub-353,sub-353/ses-1/eeg/sub-353_ses-1_task-EyesClosed_acq-pre_eeg.edf,6a558cd5852503e66df9ac7fdac2f3a7f4ed5f12,1.0.3,24716896,69444bc515f968d3a4d2dca67d113480f8e58c46c7e32bb6fa4528e149df6841,189,190.0,190,1.0,16896,,True,65,1000,1000.0,FCz,64,64,True,True,True,True,1,ONLY-INITIAL-BOUNDARY,True,False,False,True,True,,ASSESSED-TIME-DOMAIN-ONLY,True,True,42,111111111111111111111111111111111111111111,,200,200,200,True,True,
sub-354,sub-354/ses-1/eeg/sub-354_ses-1_task-EyesClosed_acq-pre_eeg.edf,6a558cd5852503e66df9ac7fdac2f3a7f4ed5f12,1.0.3,23936896,7e9e27bc0e3c32bb3ae92cfac15d20dfc9586329cfaebd21708eba321c21bc51,183,184.0,184,1.0,16896,,True,65,1000,1000.0,FCz,64,64,True,True,True,True,1,ONLY-INITIAL-BOUNDARY,True,False,False,True,True,,ASSESSED-TIME-DOMAIN-ONLY,True,True,42,111111111111111111111111111111111111111111,,200,200,200,True,True,
sub-355,sub-355/ses-1/eeg/sub-355_ses-1_task-EyesClosed_acq-pre_eeg.edf,6a558cd5852503e66df9ac7fdac2f3a7f4ed5f12,1.0.3,23676896,182b24fd4f33fa8aff128ff5bd15102a5311e4652f5f9879b8b909d8e2556c0b,181,182.0,182,1.0,16896,,True,65,1000,1000.0,FCz,64,64,True,True,True,True,1,ONLY-INITIAL-BOUNDARY,True,False,False,True,True,,ASSESSED-TIME-DOMAIN-ONLY,True,True,42,111111111111111111111111111111111111111111,,200,200,200,True,True,
sub-356,sub-356/ses-1/eeg/sub-356_ses-1_task-EyesClosed_acq-pre_eeg.edf,6a558cd5852503e66df9ac7fdac2f3a7f4ed5f12,1.0.3,24976896,fe6dc8ceb022877aceb9d284fc68c6dbb7206d1ec59c910d128db5febebeab2d,192,192.0,192,1.0,16896,,True,65,1000,1000.0,FCz,64,64,True,True,True,True,44,OTHER-TASK-MARKERS,True,False,True,True,False,other_task_markers,NOT-ASSESSED-STRUCTURAL-FAIL,False,False,,,,,,,False,False,other_task_markers
sub-357,sub-357/ses-1/eeg/sub-357_ses-1_task-EyesClosed_acq-pre_eeg.edf,6a558cd5852503e66df9ac7fdac2f3a7f4ed5f12,1.0.3,24196896,ceb7bb872dd20f0f6e4f140cf8285a58e32d438654832e66f3656f8263a13e35,186,186.0,186,1.0,16896,,True,65,1000,1000.0,FCz,64,64,True,True,True,True,943,OTHER-TASK-MARKERS,True,False,True,True,False,other_task_markers,NOT-ASSESSED-STRUCTURAL-FAIL,False,False,,,,,,,False,False,other_task_markers
sub-358,sub-358/ses-1/eeg/sub-358_ses-1_task-EyesClosed_acq-pre_eeg.edf,6a558cd5852503e66df9ac7fdac2f3a7f4ed5f12,1.0.3,24066896,3c8007143a6749ca89c114612b2567ad3e9bac3f7e28d2d93cf2f95dbf947f17,184,185.0,185,1.0,16896,,True,65,1000,1000.0,FCz,64,64,True,True,True,True,2,USB-DISCONNECT-ANNOTATION,True,True,False,True,False,usb_disconnect_annotation,NOT-ASSESSED-STRUCTURAL-FAIL,False,False,,,,,,,False,False,usb_disconnect_annotation
sub-359,sub-359/ses-1/eeg/sub-359_ses-1_task-EyesClosed_acq-pre_eeg.edf,6a558cd5852503e66df9ac7fdac2f3a7f4ed5f12,1.0.3,23806896,fdc75c1d3100507519ce2b16a48b61ca61f9edfe63115d647d3c9f371ad6194d,182,183.0,183,1.0,16896,,True,65,1000,1000.0,FCz,64,64,True,True,True,True,927,OTHER-TASK-MARKERS,True,False,True,True,False,other_task_markers,NOT-ASSESSED-STRUCTURAL-FAIL,False,False,,,,,,,False,False,other_task_markers
sub-360,sub-360/ses-1/eeg/sub-360_ses-1_task-EyesClosed_acq-pre_eeg.edf,6a558cd5852503e66df9ac7fdac2f3a7f4ed5f12,1.0.3,24326896,0f7b845a1d6b43f70415ab135ca8bd427ec733f2485e42d6b084eea9d8b8d792,186,187.0,187,1.0,16896,,True,65,1000,1000.0,FCz,64,64,True,True,True,True,49,OTHER-TASK-MARKERS,True,False,True,True,False,other_task_markers,NOT-ASSESSED-STRUCTURAL-FAIL,False,False,,,,,,,False,False,other_task_markers
sub-361,sub-361/ses-1/eeg/sub-361_ses-1_task-EyesClosed_acq-pre_eeg.edf,6a558cd5852503e66df9ac7fdac2f3a7f4ed5f12,1.0.3,24326896,757c439467c9586b5a5ec303b2dde6dade711f77afc50b23f8d0b01a3a428e3a,187,187.0,187,1.0,16896,,True,65,1000,1000.0,FCz,64,64,True,True,True,True,1,ONLY-INITIAL-BOUNDARY,True,False,False,True,True,,ASSESSED-TIME-DOMAIN-ONLY,True,True,42,111111111111111111111111111111111111111111,,200,200,200,True,True,
sub-362,sub-362/ses-1/eeg/sub-362_ses-1_task-EyesClosed_acq-pre_eeg.edf,6a558cd5852503e66df9ac7fdac2f3a7f4ed5f12,1.0.3,24066896,fe0d44f27633306544999b090eb4cbdd162fdb86e6becdfb9d2956c2a93d8746,184,185.0,185,1.0,16896,,True,65,1000,1000.0,FCz,64,64,True,True,True,True,937,OTHER-TASK-MARKERS,True,False,True,True,False,other_task_markers,NOT-ASSESSED-STRUCTURAL-FAIL,False,False,,,,,,,False,False,other_task_markers
sub-363,sub-363/ses-1/eeg/sub-363_ses-1_task-EyesClosed_acq-pre_eeg.edf,6a558cd5852503e66df9ac7fdac2f3a7f4ed5f12,1.0.3,24066896,d21eb0c0fb6fe2487448413550f27a71ca77bacbe321113cfc3ba7c8c78f19c7,184,185.0,185,1.0,16896,,True,65,1000,1000.0,FCz,64,64,True,True,True,True,1,ONLY-INITIAL-BOUNDARY,True,False,False,True,True,,ASSESSED-TIME-DOMAIN-ONLY,True,True,42,111111111111111111111111111111111111111111,,200,200,200,True,True,
sub-364,sub-364/ses-1/eeg/sub-364_ses-1_task-EyesClosed_acq-pre_eeg.edf,6a558cd5852503e66df9ac7fdac2f3a7f4ed5f12,1.0.3,24586896,dbb9738f5463d40ec3763759a70632bb8e218c152d5c41499a0acaab319d798c,188,189.0,189,1.0,16896,,True,65,1000,1000.0,FCz,64,64,True,True,True,True,1,ONLY-INITIAL-BOUNDARY,True,False,False,True,True,,ASSESSED-TIME-DOMAIN-ONLY,True,True,42,111111111111111111111111111111111111111111,,200,200,200,True,True,
sub-365,sub-365/ses-1/eeg/sub-365_ses-1_task-EyesClosed_acq-pre_eeg.edf,6a558cd5852503e66df9ac7fdac2f3a7f4ed5f12,1.0.3,25496896,076878aac257097540ac3ad7559ffb4e677d1c4fa44817c4ba5911d9f818ba02,195,196.0,196,1.0,16896,,True,65,1000,1000.0,FCz,64,64,True,True,True,True,1,ONLY-INITIAL-BOUNDARY,True,False,False,True,True,,ASSESSED-TIME-DOMAIN-ONLY,True,True,42,111111111111111111111111111111111111111111,,200,200,200,True,True,
sub-366,sub-366/ses-1/eeg/sub-366_ses-1_task-EyesClosed_acq-pre_eeg.edf,6a558cd5852503e66df9ac7fdac2f3a7f4ed5f12,1.0.3,24586896,f3abfd91372102c1c54eb42f1892a1136c3e5a04972a5de53f2185366a6637c9,189,189.0,189,1.0,16896,,True,65,1000,1000.0,FCz,64,64,True,True,True,True,1,ONLY-INITIAL-BOUNDARY,True,False,False,True,True,,ASSESSED-TIME-DOMAIN-ONLY,True,True,42,111111111111111111111111111111111111111111,,200,200,200,True,True,
sub-367,sub-367/ses-1/eeg/sub-367_ses-1_task-EyesClosed_acq-pre_eeg.edf,6a558cd5852503e66df9ac7fdac2f3a7f4ed5f12,1.0.3,23806896,97e2707cac80a35cef8ef47ae12a62330df03ee0219b6cc547d620feffbef4b4,182,183.0,183,1.0,16896,,True,65,1000,1000.0,FCz,64,64,True,True,True,True,1,ONLY-INITIAL-BOUNDARY,True,False,False,True,True,,ASSESSED-TIME-DOMAIN-ONLY,True,True,42,111111111111111111111111111111111111111111,,200,200,200,True,True,
sub-368,sub-368/ses-1/eeg/sub-368_ses-1_task-EyesClosed_acq-pre_eeg.edf,6a558cd5852503e66df9ac7fdac2f3a7f4ed5f12,1.0.3,23806896,0d0f95a769785145bdc4e50d0f3400db30f372db1da09bdba7c5a5b58ea20c64,182,183.0,183,1.0,16896,,True,65,1000,1000.0,FCz,64,64,True,True,True,True,1,ONLY-INITIAL-BOUNDARY,True,False,False,True,True,,ASSESSED-TIME-DOMAIN-ONLY,True,True,42,111111111111111111111111111111111111111111,,200,200,200,True,True,
sub-369,sub-369/ses-1/eeg/sub-369_ses-1_task-EyesClosed_acq-pre_eeg.edf,6a558cd5852503e66df9ac7fdac2f3a7f4ed5f12,1.0.3,23806896,d8841bba0ff38018bb7b7b46463ed5c4f827e552f2ca6eaceef843e6525dff91,182,183.0,183,1.0,16896,,True,65,1000,1000.0,FCz,64,64,True,True,True,True,217,OTHER-TASK-MARKERS,True,False,True,True,False,other_task_markers,NOT-ASSESSED-STRUCTURAL-FAIL,False,False,,,,,,,False,False,other_task_markers
sub-370,sub-370/ses-1/eeg/sub-370_ses-1_task-EyesClosed_acq-pre_eeg.edf,6a558cd5852503e66df9ac7fdac2f3a7f4ed5f12,1.0.3,31086896,8838a05c034204d250c2b776f28105f07e349386fb12c0c82559946b05bbbe0e,239,239.0,239,1.0,16896,,True,65,1000,1000.0,FCz,64,64,True,True,True,True,1,ONLY-INITIAL-BOUNDARY,True,False,False,True,True,,ASSESSED-TIME-DOMAIN-ONLY,True,True,42,111111111111111111111111111111111111111111,,200,200,200,True,True,
sub-371,sub-371/ses-1/eeg/sub-371_ses-1_task-EyesClosed_acq-pre_eeg.edf,6a558cd5852503e66df9ac7fdac2f3a7f4ed5f12,1.0.3,24196896,d3eb7ca1486cd7f662c4907dfeea9a50099bd4e2a2b76bc107e695268766605a,186,186.0,186,1.0,16896,,True,65,1000,1000.0,FCz,64,64,True,True,True,True,1,ONLY-INITIAL-BOUNDARY,True,False,False,True,True,,ASSESSED-TIME-DOMAIN-ONLY,True,True,42,111111111111111111111111111111111111111111,,200,200,200,True,True,
sub-372,sub-372/ses-1/eeg/sub-372_ses-1_task-EyesClosed_acq-pre_eeg.edf,6a558cd5852503e66df9ac7fdac2f3a7f4ed5f12,1.0.3,24456896,24351ff42c430c8d1fdc1ddd64708d386b04cb9bbcfcc99884d006c2f4c5571b,187,188.0,188,1.0,16896,,True,65,1000,1000.0,FCz,64,64,True,True,True,True,953,OTHER-TASK-MARKERS,True,False,True,True,False,other_task_markers,NOT-ASSESSED-STRUCTURAL-FAIL,False,False,,,,,,,False,False,other_task_markers
sub-373,sub-373/ses-1/eeg/sub-373_ses-1_task-EyesClosed_acq-pre_eeg.edf,6a558cd5852503e66df9ac7fdac2f3a7f4ed5f12,1.0.3,26016896,bd133dec0ccc359bdff166b4ddedc4546f71ec5e1d4fd531a2f53a74a66539c4,200,200.0,200,1.0,16896,,True,65,1000,1000.0,FCz,64,64,True,True,True,True,1,ONLY-INITIAL-BOUNDARY,True,False,False,True,True,,ASSESSED-TIME-DOMAIN-ONLY,True,True,42,111111111111111111111111111111111111111111,,200,200,200,True,True,
sub-374,sub-374/ses-1/eeg/sub-374_ses-1_task-EyesClosed_acq-pre_eeg.edf,6a558cd5852503e66df9ac7fdac2f3a7f4ed5f12,1.0.3,24066896,28d5931535bde8c582cf84e4df75221311f63aca8590a7e53e3a217a6fe1c582,184,185.0,185,1.0,16896,,True,65,1000,1000.0,FCz,64,64,True,True,True,True,1,ONLY-INITIAL-BOUNDARY,True,False,False,True,True,,ASSESSED-TIME-DOMAIN-ONLY,True,True,42,111111111111111111111111111111111111111111,,200,200,200,True,True,
sub-375,sub-375/ses-1/eeg/sub-375_ses-1_task-EyesClosed_acq-pre_eeg.edf,6a558cd5852503e66df9ac7fdac2f3a7f4ed5f12,1.0.3,24066896,be2a06bdfc3fe95fabafb065829c2c5aee4e947c31c8957dea36b93df5ec835f,185,185.0,185,1.0,16896,,True,65,1000,1000.0,FCz,64,64,True,True,True,True,1,ONLY-INITIAL-BOUNDARY,True,False,False,True,True,,ASSESSED-TIME-DOMAIN-ONLY,True,True,42,111111111111111111111111111111111111111111,,200,200,200,True,True,
sub-376,sub-376/ses-1/eeg/sub-376_ses-1_task-EyesClosed_acq-pre_eeg.edf,6a558cd5852503e66df9ac7fdac2f3a7f4ed5f12,1.0.3,23936896,db19fcec086b74584ea7e40e1b3eb515651fd4b1e962db470362e4b911bb2015,184,184.0,184,1.0,16896,,True,65,1000,1000.0,FCz,64,64,True,True,True,True,1,ONLY-INITIAL-BOUNDARY,True,False,False,True,True,,ASSESSED-TIME-DOMAIN-ONLY,True,True,42,111111111111111111111111111111111111111111,,200,200,200,True,True,
sub-377,sub-377/ses-1/eeg/sub-377_ses-1_task-EyesClosed_acq-pre_eeg.edf,6a558cd5852503e66df9ac7fdac2f3a7f4ed5f12,1.0.3,23936896,ea02035e8993a341ac739c59592da61c39b540db7e82e22ff1ff97289c0b4946,183,184.0,184,1.0,16896,,True,65,1000,1000.0,FCz,64,64,True,True,True,True,1,ONLY-INITIAL-BOUNDARY,True,False,False,True,True,,ASSESSED-TIME-DOMAIN-ONLY,True,True,42,111111111111111111111111111111111111111111,,200,200,200,True,True,
sub-378,sub-378/ses-1/eeg/sub-378_ses-1_task-EyesClosed_acq-pre_eeg.edf,6a558cd5852503e66df9ac7fdac2f3a7f4ed5f12,1.0.3,24586896,62eab98f79e8724aa31e887e19a7430f061ba7e2611f9f0557dfd90ca94fe527,188,189.0,189,1.0,16896,,True,65,1000,1000.0,FCz,64,64,True,True,True,True,1,ONLY-INITIAL-BOUNDARY,True,False,False,True,True,,ASSESSED-TIME-DOMAIN-ONLY,True,True,42,111111111111111111111111111111111111111111,,200,200,200,True,True,
sub-379,sub-379/ses-1/eeg/sub-379_ses-1_task-EyesClosed_acq-pre_eeg.edf,6a558cd5852503e66df9ac7fdac2f3a7f4ed5f12,1.0.3,23936896,92b3c517eb62b72b567c91d21851c04a89bf009098df1857051848230c47c8da,183,184.0,184,1.0,16896,,True,65,1000,1000.0,FCz,64,64,True,True,True,True,1,ONLY-INITIAL-BOUNDARY,True,False,False,True,True,,ASSESSED-TIME-DOMAIN-ONLY,True,True,42,111111111111111111111111111111111111111111,,200,200,200,True,True,
sub-380,sub-380/ses-1/eeg/sub-380_ses-1_task-EyesClosed_acq-pre_eeg.edf,6a558cd5852503e66df9ac7fdac2f3a7f4ed5f12,1.0.3,24196896,17dc0d13c3d649ef2c687758845df9963cd02f6fcecdab19b8fa4166189873dc,185,186.0,186,1.0,16896,,True,65,1000,1000.0,FCz,64,64,True,True,True,True,1,ONLY-INITIAL-BOUNDARY,True,False,False,True,True,,ASSESSED-TIME-DOMAIN-ONLY,True,True,42,111111111111111111111111111111111111111111,,200,200,200,True,True,
sub-381,sub-381/ses-1/eeg/sub-381_ses-1_task-EyesClosed_acq-pre_eeg.edf,6a558cd5852503e66df9ac7fdac2f3a7f4ed5f12,1.0.3,24066896,c8ac2ddb12aed7e6c355327edaf1f2c5fc1a69933b311ae733166dca9b8d26c9,185,185.0,185,1.0,16896,,True,65,1000,1000.0,FCz,64,64,True,True,True,True,1,ONLY-INITIAL-BOUNDARY,True,False,False,True,True,,ASSESSED-TIME-DOMAIN-ONLY,True,True,42,111111111111111111111111111111111111111111,,200,200,200,True,True,
sub-382,sub-382/ses-1/eeg/sub-382_ses-1_task-EyesClosed_acq-pre_eeg.edf,6a558cd5852503e66df9ac7fdac2f3a7f4ed5f12,1.0.3,28616896,ac25ce2b1dda61ec081bf9b6dd78bc3c574ac331f21c15282714ad4c468f5f6f,219,220.0,220,1.0,16896,,True,65,1000,1000.0,FCz,64,64,True,True,True,True,1,ONLY-INITIAL-BOUNDARY,True,False,False,True,True,,ASSESSED-TIME-DOMAIN-ONLY,True,True,42,111111111111111111111111111111111111111111,,200,200,200,True,True,
sub-383,sub-383/ses-1/eeg/sub-383_ses-1_task-EyesClosed_acq-pre_eeg.edf,6a558cd5852503e66df9ac7fdac2f3a7f4ed5f12,1.0.3,24196896,3753a9166c51fce221f28fb734a4afc8739330efa5a50f79fd82b0b449113617,185,186.0,186,1.0,16896,,True,65,1000,1000.0,FCz,64,64,True,True,True,True,1,ONLY-INITIAL-BOUNDARY,True,False,False,True,True,,ASSESSED-TIME-DOMAIN-ONLY,True,True,42,111111111111111111111111111111111111111111,,200,200,200,True,True,
sub-384,sub-384/ses-1/eeg/sub-384_ses-1_task-EyesClosed_acq-pre_eeg.edf,6a558cd5852503e66df9ac7fdac2f3a7f4ed5f12,1.0.3,23936896,ba61add612f4f89f24319bc39b4a4abd9f06aa17b6b1352bdc765090f8f4478b,184,184.0,184,1.0,16896,,True,65,1000,1000.0,FCz,64,64,True,True,True,True,935,OTHER-TASK-MARKERS,True,False,True,True,False,other_task_markers,NOT-ASSESSED-STRUCTURAL-FAIL,False,False,,,,,,,False,False,other_task_markers
sub-385,sub-385/ses-1/eeg/sub-385_ses-1_task-EyesClosed_acq-pre_eeg.edf,6a558cd5852503e66df9ac7fdac2f3a7f4ed5f12,1.0.3,24196896,b5f992678870f15fe68e79aca1830a3eb76ab274b8b562782fc53badefbe6661,186,186.0,186,1.0,16896,,True,65,1000,1000.0,FCz,64,64,True,True,True,True,1,ONLY-INITIAL-BOUNDARY,True,False,False,True,True,,ASSESSED-TIME-DOMAIN-ONLY,True,True,42,111111111111111111111111111111111111111111,,200,200,200,True,True,
sub-386,sub-386/ses-1/eeg/sub-386_ses-1_task-EyesClosed_acq-pre_eeg.edf,6a558cd5852503e66df9ac7fdac2f3a7f4ed5f12,1.0.3,23676896,896b2141c5fe30cb2071d320883e0f324ba80a17d86445224c414d5728a78c8c,181,182.0,182,1.0,16896,,True,65,1000,1000.0,FCz,64,64,True,True,True,True,1,ONLY-INITIAL-BOUNDARY,True,False,False,True,True,,ASSESSED-TIME-DOMAIN-ONLY,True,True,42,111111111111111111111111111111111111111111,,200,200,200,True,True,
sub-387,sub-387/ses-1/eeg/sub-387_ses-1_task-EyesClosed_acq-pre_eeg.edf,6a558cd5852503e66df9ac7fdac2f3a7f4ed5f12,1.0.3,24586896,d36163bd451642a9612b2548aee0e85edf309c7a81cbc9c07fe3dd4a306ea143,189,189.0,189,1.0,16896,,True,65,1000,1000.0,FCz,64,64,True,True,True,True,1,ONLY-INITIAL-BOUNDARY,True,False,False,True,True,,ASSESSED-TIME-DOMAIN-ONLY,True,True,42,111111111111111111111111111111111111111111,,200,200,200,True,True,
sub-388,sub-388/ses-1/eeg/sub-388_ses-1_task-EyesClosed_acq-pre_eeg.edf,6a558cd5852503e66df9ac7fdac2f3a7f4ed5f12,1.0.3,23806896,c777a1a8000d831a81a98f91c4161f164d4ef97ed39ad22733e2f9fc53268e07,182,183.0,183,1.0,16896,,True,65,1000,1000.0,FCz,64,64,True,True,True,True,1,ONLY-INITIAL-BOUNDARY,True,False,False,True,True,,ASSESSED-TIME-DOMAIN-ONLY,True,True,42,111111111111111111111111111111111111111111,,200,200,200,True,True,
sub-389,sub-389/ses-1/eeg/sub-389_ses-1_task-EyesClosed_acq-pre_eeg.edf,6a558cd5852503e66df9ac7fdac2f3a7f4ed5f12,1.0.3,23936896,e22018f8931fddda479a15507c2843b293d2cd30dd7ec89816dbbc008524d73f,184,184.0,184,1.0,16896,,True,65,1000,1000.0,FCz,64,64,True,True,True,True,1,ONLY-INITIAL-BOUNDARY,True,False,False,True,True,,ASSESSED-TIME-DOMAIN-ONLY,True,True,42,111111111111111111111111111111111111111111,,200,200,200,True,True,
sub-390,sub-390/ses-1/eeg/sub-390_ses-1_task-EyesClosed_acq-pre_eeg.edf,6a558cd5852503e66df9ac7fdac2f3a7f4ed5f12,1.0.3,23676896,f314921b540703057215949141d67046a849ce769dff0bfa754609304b395959,182,182.0,182,1.0,16896,,True,65,1000,1000.0,FCz,64,64,True,True,True,True,1,ONLY-INITIAL-BOUNDARY,True,False,False,True,True,,ASSESSED-TIME-DOMAIN-ONLY,True,True,42,111111111111111111111111111111111111111111,,200,200,200,True,True,
sub-391,sub-391/ses-1/eeg/sub-391_ses-1_task-EyesClosed_acq-pre_eeg.edf,6a558cd5852503e66df9ac7fdac2f3a7f4ed5f12,1.0.3,24066896,e59441424210d9765f91d01b1c1dfce8e0b31664e35c8192ab2a4476fbfa4433,184,185.0,185,1.0,16896,,True,65,1000,1000.0,FCz,64,64,True,True,True,True,1,ONLY-INITIAL-BOUNDARY,True,False,False,True,True,,ASSESSED-TIME-DOMAIN-ONLY,True,True,42,111111111111111111111111111111111111111111,,200,200,200,True,True,
sub-392,sub-392/ses-1/eeg/sub-392_ses-1_task-EyesClosed_acq-pre_eeg.edf,6a558cd5852503e66df9ac7fdac2f3a7f4ed5f12,1.0.3,24586896,b2758a5f2ca3ab64ab44e28befbe620dac61368e512f7107b0ab3f6d35c7957b,188,189.0,189,1.0,16896,,True,65,1000,1000.0,FCz,64,64,True,True,True,True,72,OTHER-TASK-MARKERS,True,False,True,True,False,other_task_markers,NOT-ASSESSED-STRUCTURAL-FAIL,False,False,,,,,,,False,False,other_task_markers
sub-393,sub-393/ses-1/eeg/sub-393_ses-1_task-EyesClosed_acq-pre_eeg.edf,6a558cd5852503e66df9ac7fdac2f3a7f4ed5f12,1.0.3,28356896,b5a7871c7d998ec3d21a4367088ff03a4692c3522806ad28f015f175faa61bc1,218,218.0,218,1.0,16896,,True,65,1000,1000.0,FCz,64,64,True,True,True,True,1106,OTHER-TASK-MARKERS,True,False,True,True,False,other_task_markers,NOT-ASSESSED-STRUCTURAL-FAIL,False,False,,,,,,,False,False,other_task_markers
sub-394,sub-394/ses-1/eeg/sub-394_ses-1_task-EyesClosed_acq-pre_eeg.edf,6a558cd5852503e66df9ac7fdac2f3a7f4ed5f12,1.0.3,23936896,56009c895792a518b45694deb55128234185970e3a4738a010767c1447cceb04,183,184.0,184,1.0,16896,,True,65,1000,1000.0,FCz,64,64,True,True,True,True,1,ONLY-INITIAL-BOUNDARY,True,False,False,True,True,,ASSESSED-TIME-DOMAIN-ONLY,True,True,42,111111111111111111111111111111111111111111,,200,200,200,True,True,
sub-395,sub-395/ses-1/eeg/sub-395_ses-1_task-EyesClosed_acq-pre_eeg.edf,6a558cd5852503e66df9ac7fdac2f3a7f4ed5f12,1.0.3,23676896,137e0d8d3f2d93994c1c6521b5cb4064d374bd34941c4d2bfddcfaa23a62d090,182,182.0,182,1.0,16896,,True,65,1000,1000.0,FCz,64,64,True,True,True,True,1,ONLY-INITIAL-BOUNDARY,True,False,False,True,True,,ASSESSED-TIME-DOMAIN-ONLY,True,True,42,111111111111111111111111111111111111111111,,200,200,200,True,True,
sub-396,sub-396/ses-1/eeg/sub-396_ses-1_task-EyesClosed_acq-pre_eeg.edf,6a558cd5852503e66df9ac7fdac2f3a7f4ed5f12,1.0.3,23806896,d74881cfa755adcefb665c162ca0ddbdf9dcc1716482451c07f7a05b6b88ede7,182,183.0,183,1.0,16896,,True,65,1000,1000.0,FCz,64,64,True,True,True,True,1,ONLY-INITIAL-BOUNDARY,True,False,False,True,True,,ASSESSED-TIME-DOMAIN-ONLY,True,True,42,111111111111111111111111111111111111111111,,200,200,200,True,True,
sub-397,sub-397/ses-1/eeg/sub-397_ses-1_task-EyesClosed_acq-pre_eeg.edf,6a558cd5852503e66df9ac7fdac2f3a7f4ed5f12,1.0.3,23936896,398ebb2c4d281eee72caca56cac42b5e9c1df99ce4891d233f9d788aaea82c2a,183,184.0,184,1.0,16896,,True,65,1000,1000.0,FCz,64,64,True,True,True,True,1,ONLY-INITIAL-BOUNDARY,True,False,False,True,True,,ASSESSED-TIME-DOMAIN-ONLY,True,True,42,111111111111111111111111111111111111111111,,200,200,200,True,True,
sub-398,sub-398/ses-1/eeg/sub-398_ses-1_task-EyesClosed_acq-pre_eeg.edf,6a558cd5852503e66df9ac7fdac2f3a7f4ed5f12,1.0.3,25756896,1733ff31f6aef28ca3c069628069755b349ebfae1a7e3f5161dbfc7460519668,198,198.0,198,1.0,16896,,True,65,1000,1000.0,FCz,64,64,True,True,True,True,1006,OTHER-TASK-MARKERS,True,False,True,True,False,other_task_markers,NOT-ASSESSED-STRUCTURAL-FAIL,False,False,,,,,,,False,False,other_task_markers
sub-399,sub-399/ses-1/eeg/sub-399_ses-1_task-EyesClosed_acq-pre_eeg.edf,6a558cd5852503e66df9ac7fdac2f3a7f4ed5f12,1.0.3,23936896,a899e9583437e1f3813f730786378afd6794e8485ae37ddfd9b9a6b0abbbc4d7,183,184.0,184,1.0,16896,,True,65,1000,1000.0,FCz,64,64,True,True,True,True,1,ONLY-INITIAL-BOUNDARY,True,False,False,True,True,,ASSESSED-TIME-DOMAIN-ONLY,True,True,42,111111111111111111111111111111111111111111,,200,200,200,True,True,
sub-400,sub-400/ses-1/eeg/sub-400_ses-1_task-EyesClosed_acq-pre_eeg.edf,6a558cd5852503e66df9ac7fdac2f3a7f4ed5f12,1.0.3,24196896,affacc9c52eb08b0a0196b31ee61c2f3f8f5811c7d5f076095766b8f6033f73d,186,186.0,186,1.0,16896,,True,65,1000,1000.0,FCz,64,64,True,True,True,True,1,ONLY-INITIAL-BOUNDARY,True,False,False,True,True,,ASSESSED-TIME-DOMAIN-ONLY,True,True,42,111111111111111111111111111111111111111111,,200,200,200,True,True,
sub-401,sub-401/ses-1/eeg/sub-401_ses-1_task-EyesClosed_acq-pre_eeg.edf,6a558cd5852503e66df9ac7fdac2f3a7f4ed5f12,1.0.3,23806896,fe1452328da2a93a07a3cef7ac3af43c145c008607ceb93a09527f764ad06cab,182,183.0,183,1.0,16896,,True,65,1000,1000.0,FCz,64,64,True,True,True,True,1,ONLY-INITIAL-BOUNDARY,True,False,False,True,True,,ASSESSED-TIME-DOMAIN-ONLY,True,True,42,111111111111111111111111111111111111111111,,200,200,200,True,True,
sub-402,sub-402/ses-1/eeg/sub-402_ses-1_task-EyesClosed_acq-pre_eeg.edf,6a558cd5852503e66df9ac7fdac2f3a7f4ed5f12,1.0.3,24326896,1c92d51176cc823846305df017c19ecb75d79f2c7bf47153eea202fb98ba3110,187,187.0,187,1.0,16896,,True,65,1000,1000.0,FCz,64,64,True,True,True,True,1,ONLY-INITIAL-BOUNDARY,True,False,False,True,True,,ASSESSED-TIME-DOMAIN-ONLY,True,True,42,111111111111111111111111111111111111111111,,200,200,200,True,True,
sub-403,sub-403/ses-1/eeg/sub-403_ses-1_task-EyesClosed_acq-pre_eeg.edf,6a558cd5852503e66df9ac7fdac2f3a7f4ed5f12,1.0.3,24716896,874b347a8a0c387a3397e01e283078f928d64e37b8c4ca1ea5f50a541310a807,189,190.0,190,1.0,16896,,True,65,1000,1000.0,FCz,64,64,True,True,True,True,1,ONLY-INITIAL-BOUNDARY,True,False,False,True,True,,ASSESSED-TIME-DOMAIN-ONLY,True,True,42,111111111111111111111111111111111111111111,,200,200,200,True,True,
sub-404,sub-404/ses-1/eeg/sub-404_ses-1_task-EyesClosed_acq-pre_eeg.edf,6a558cd5852503e66df9ac7fdac2f3a7f4ed5f12,1.0.3,24846896,3b805478e74a2c65b85f817c19c01084f66904e40a141443190a6ad0735de35b,190,191.0,191,1.0,16896,,True,65,1000,1000.0,FCz,64,64,True,True,True,True,1,ONLY-INITIAL-BOUNDARY,True,False,False,True,True,,ASSESSED-TIME-DOMAIN-ONLY,True,True,42,111111111111111111111111111111111111111111,,200,200,200,True,True,
sub-405,sub-405/ses-1/eeg/sub-405_ses-1_task-EyesClosed_acq-pre_eeg.edf,6a558cd5852503e66df9ac7fdac2f3a7f4ed5f12,1.0.3,25496896,c379172b034243498bc623f55b1c2bab1c3ac39358ca43fcbddfe5b84cb4a7c9,196,196.0,196,1.0,16896,,True,65,1000,1000.0,FCz,64,64,True,True,True,True,1,ONLY-INITIAL-BOUNDARY,True,False,False,True,True,,ASSESSED-TIME-DOMAIN-ONLY,True,True,42,111111111111111111111111111111111111111111,,200,200,200,True,True,
sub-406,sub-406/ses-1/eeg/sub-406_ses-1_task-EyesClosed_acq-pre_eeg.edf,6a558cd5852503e66df9ac7fdac2f3a7f4ed5f12,1.0.3,24716896,58fbb0b2b110ebf31f1ab0ddb92ba4339ffad2791ebe63c2cb3efb4841470622,190,190.0,190,1.0,16896,,True,65,1000,1000.0,FCz,64,64,True,True,True,True,1,ONLY-INITIAL-BOUNDARY,True,False,False,True,True,,ASSESSED-TIME-DOMAIN-ONLY,True,True,42,111111111111111111111111111111111111111111,,200,200,200,True,True,
sub-407,sub-407/ses-1/eeg/sub-407_ses-1_task-EyesClosed_acq-pre_eeg.edf,6a558cd5852503e66df9ac7fdac2f3a7f4ed5f12,1.0.3,23806896,bd1dad512fd8c8744d1e0cb802acbcb1e15c936f13dedc7d5c819a93ac359163,182,183.0,183,1.0,16896,,True,65,1000,1000.0,FCz,64,64,True,True,True,True,1,ONLY-INITIAL-BOUNDARY,True,False,False,True,True,,ASSESSED-TIME-DOMAIN-ONLY,True,True,42,111111111111111111111111111111111111111111,,200,200,200,True,True,
sub-408,sub-408/ses-1/eeg/sub-408_ses-1_task-EyesClosed_acq-pre_eeg.edf,6a558cd5852503e66df9ac7fdac2f3a7f4ed5f12,1.0.3,23806896,33cdc68c22011d0fffb2a61ecc0e90f565a4b4db945859a2f25538f55d0afc81,183,183.0,183,1.0,16896,,True,65,1000,1000.0,FCz,64,64,True,True,True,True,1,ONLY-INITIAL-BOUNDARY,True,False,False,True,True,,ASSESSED-TIME-DOMAIN-ONLY,True,True,42,111111111111111111111111111111111111111111,,200,200,200,True,True,
sub-409,sub-409/ses-1/eeg/sub-409_ses-1_task-EyesClosed_acq-pre_eeg.edf,6a558cd5852503e66df9ac7fdac2f3a7f4ed5f12,1.0.3,26146896,2a9c24b9ebfc11036fcca55d08ff89ee4891bfba3a027a21efca0b7288f67ec7,201,201.0,201,1.0,16896,,True,65,1000,1000.0,FCz,64,64,True,True,True,True,1,ONLY-INITIAL-BOUNDARY,True,False,False,True,True,,ASSESSED-TIME-DOMAIN-ONLY,True,True,42,111111111111111111111111111111111111111111,,200,200,200,True,True,
sub-410,sub-410/ses-1/eeg/sub-410_ses-1_task-EyesClosed_acq-pre_eeg.edf,6a558cd5852503e66df9ac7fdac2f3a7f4ed5f12,1.0.3,24196896,96054e9dd3a012f1e3709a30f94740794096be39a32a86a00d86ae3f335eb3d0,186,186.0,186,1.0,16896,,True,65,1000,1000.0,FCz,64,64,True,True,True,True,1,ONLY-INITIAL-BOUNDARY,True,False,False,True,True,,ASSESSED-TIME-DOMAIN-ONLY,True,True,42,111111111111111111111111111111111111111111,,200,200,200,True,True,
sub-411,sub-411/ses-1/eeg/sub-411_ses-1_task-EyesClosed_acq-pre_eeg.edf,6a558cd5852503e66df9ac7fdac2f3a7f4ed5f12,1.0.3,24066896,656f4232886363955e62c4679cbd35129bfa1a5aef0e166e43cdae5bef9a7f22,184,185.0,185,1.0,16896,,True,65,1000,1000.0,FCz,64,64,True,True,True,True,1,ONLY-INITIAL-BOUNDARY,True,False,False,True,True,,ASSESSED-TIME-DOMAIN-ONLY,True,True,42,111111111111111111111111111111111111111111,,200,200,200,True,True,
sub-412,sub-412/ses-1/eeg/sub-412_ses-1_task-EyesClosed_acq-pre_eeg.edf,6a558cd5852503e66df9ac7fdac2f3a7f4ed5f12,1.0.3,24196896,881281f5682e7fc12a182109c81034e2d3848e66542076d7a62ec4a802c11920,185,186.0,186,1.0,16896,,True,65,1000,1000.0,FCz,64,64,True,True,True,True,1,ONLY-INITIAL-BOUNDARY,True,False,False,True,True,,ASSESSED-TIME-DOMAIN-ONLY,True,True,42,111111111111111111111111111111111111111111,,200,200,200,True,True,
sub-413,sub-413/ses-1/eeg/sub-413_ses-1_task-EyesClosed_acq-pre_eeg.edf,6a558cd5852503e66df9ac7fdac2f3a7f4ed5f12,1.0.3,27966896,a97e8121158441e1bd1b012bf041bcffddc89ec03deedd730c6a90dc22265ce9,214,215.0,215,1.0,16896,,True,65,1000,1000.0,FCz,64,64,True,True,True,True,1,ONLY-INITIAL-BOUNDARY,True,False,False,True,True,,ASSESSED-TIME-DOMAIN-ONLY,True,True,42,111111111111111111111111111111111111111111,,200,200,200,True,True,
sub-414,sub-414/ses-1/eeg/sub-414_ses-1_task-EyesClosed_acq-pre_eeg.edf,6a558cd5852503e66df9ac7fdac2f3a7f4ed5f12,1.0.3,24066896,52badf003d239482911e3b23e93feb7b75b0f2fe042f616679a33f66ecef8b4b,185,185.0,185,1.0,16896,,True,65,1000,1000.0,FCz,64,64,True,True,True,True,1,ONLY-INITIAL-BOUNDARY,True,False,False,True,True,,ASSESSED-TIME-DOMAIN-ONLY,True,True,42,111111111111111111111111111111111111111111,,200,200,200,True,True,
sub-415,sub-415/ses-1/eeg/sub-415_ses-1_task-EyesClosed_acq-pre_eeg.edf,6a558cd5852503e66df9ac7fdac2f3a7f4ed5f12,1.0.3,24066896,4c2118e5c6dd213428088a075c06d89192f3c8821ad3e41c0a54533e62c48485,185,185.0,185,1.0,16896,,True,65,1000,1000.0,FCz,64,64,True,True,True,True,1,ONLY-INITIAL-BOUNDARY,True,False,False,True,True,,ASSESSED-TIME-DOMAIN-ONLY,True,True,41,111111111111111111111111111111110111111111,32:centered_abs_gt_500uV,200,200,200,False,True,
sub-416,sub-416/ses-1/eeg/sub-416_ses-1_task-EyesClosed_acq-pre_eeg.edf,6a558cd5852503e66df9ac7fdac2f3a7f4ed5f12,1.0.3,24066896,d21c8107d61da4b8fa8ae7ddb623c1693f83b1aee051d1c1c9449609067d7639,184,185.0,185,1.0,16896,,True,65,1000,1000.0,FCz,64,64,True,True,True,True,1,ONLY-INITIAL-BOUNDARY,True,False,False,True,True,,ASSESSED-TIME-DOMAIN-ONLY,True,True,42,111111111111111111111111111111111111111111,,200,200,200,True,True,
sub-417,sub-417/ses-1/eeg/sub-417_ses-1_task-EyesClosed_acq-pre_eeg.edf,6a558cd5852503e66df9ac7fdac2f3a7f4ed5f12,1.0.3,23676896,0c1cefe00b0fa1cd632430917c4d1787bb592809aaf37815d9becef9d30eae2b,182,182.0,182,1.0,16896,,True,65,1000,1000.0,FCz,64,64,True,True,True,True,1,ONLY-INITIAL-BOUNDARY,True,False,False,True,True,,ASSESSED-TIME-DOMAIN-ONLY,True,True,42,111111111111111111111111111111111111111111,,200,200,200,True,True,
sub-418,sub-418/ses-1/eeg/sub-418_ses-1_task-EyesClosed_acq-pre_eeg.edf,6a558cd5852503e66df9ac7fdac2f3a7f4ed5f12,1.0.3,23936896,e6aabe1468ac393415329a8e2cf7c2bd8869c0a4f6809998fe4d0208023e8717,183,184.0,184,1.0,16896,,True,65,1000,1000.0,FCz,64,64,True,True,True,True,1,ONLY-INITIAL-BOUNDARY,True,False,False,True,True,,ASSESSED-TIME-DOMAIN-ONLY,True,True,42,111111111111111111111111111111111111111111,,200,200,200,True,True,
sub-419,sub-419/ses-1/eeg/sub-419_ses-1_task-EyesClosed_acq-pre_eeg.edf,6a558cd5852503e66df9ac7fdac2f3a7f4ed5f12,1.0.3,24716896,7f487038073d9cf7f22c68f1f073b3dbc2f00090915a44827141012aff2d1185,190,190.0,190,1.0,16896,,True,65,1000,1000.0,FCz,64,64,True,True,True,True,1,ONLY-INITIAL-BOUNDARY,True,False,False,True,True,,ASSESSED-TIME-DOMAIN-ONLY,True,True,42,111111111111111111111111111111111111111111,,200,200,200,True,True,
sub-420,sub-420/ses-1/eeg/sub-420_ses-1_task-EyesClosed_acq-pre_eeg.edf,6a558cd5852503e66df9ac7fdac2f3a7f4ed5f12,1.0.3,25496896,ffe61e5357720333cc8856c1113545a1a44505aaaf099d4ebeff61b7746a54bb,196,196.0,196,1.0,16896,,True,65,1000,1000.0,FCz,64,64,True,True,True,True,1,ONLY-INITIAL-BOUNDARY,True,False,False,True,True,,ASSESSED-TIME-DOMAIN-ONLY,True,True,42,111111111111111111111111111111111111111111,,200,200,200,True,True,
sub-421,sub-421/ses-1/eeg/sub-421_ses-1_task-EyesClosed_acq-pre_eeg.edf,6a558cd5852503e66df9ac7fdac2f3a7f4ed5f12,1.0.3,24586896,9e38be4418c385ba64df8ef83695f20803f25649d10384f8bdb8b1625ceb27e1,188,189.0,189,1.0,16896,,True,65,1000,1000.0,FCz,64,64,True,True,True,True,1,ONLY-INITIAL-BOUNDARY,True,False,False,True,True,,ASSESSED-TIME-DOMAIN-ONLY,True,True,42,111111111111111111111111111111111111111111,,200,200,200,True,True,
sub-422,sub-422/ses-1/eeg/sub-422_ses-1_task-EyesClosed_acq-pre_eeg.edf,6a558cd5852503e66df9ac7fdac2f3a7f4ed5f12,1.0.3,23676896,2732f5769fae2b8650e1bcd377717c74955580ac6ed34ecddbf10bacc1a081d4,182,182.0,182,1.0,16896,,True,65,1000,1000.0,FCz,64,64,True,True,True,True,1,ONLY-INITIAL-BOUNDARY,True,False,False,True,True,,ASSESSED-TIME-DOMAIN-ONLY,True,True,42,111111111111111111111111111111111111111111,,200,200,200,True,True,
sub-423,sub-423/ses-1/eeg/sub-423_ses-1_task-EyesClosed_acq-pre_eeg.edf,6a558cd5852503e66df9ac7fdac2f3a7f4ed5f12,1.0.3,23806896,0181032fb1a2d447ac42829ba6213615aa4df479a4f1fd3a85fcd169b66b4517,183,183.0,183,1.0,16896,,True,65,1000,1000.0,FCz,64,64,True,True,True,True,1,ONLY-INITIAL-BOUNDARY,True,False,False,True,True,,ASSESSED-TIME-DOMAIN-ONLY,True,True,42,111111111111111111111111111111111111111111,,200,200,200,True,True,
sub-424,sub-424/ses-1/eeg/sub-424_ses-1_task-EyesClosed_acq-pre_eeg.edf,6a558cd5852503e66df9ac7fdac2f3a7f4ed5f12,1.0.3,23936896,cf365106782c20301f3a14919608fb9979389a45fed7fa43ecde7f508e170d33,183,184.0,184,1.0,16896,,True,65,1000,1000.0,FCz,64,64,True,True,True,True,2,USB-DISCONNECT-ANNOTATION,True,True,False,True,False,usb_disconnect_annotation,NOT-ASSESSED-STRUCTURAL-FAIL,False,False,,,,,,,False,False,usb_disconnect_annotation
sub-425,sub-425/ses-1/eeg/sub-425_ses-1_task-EyesClosed_acq-pre_eeg.edf,6a558cd5852503e66df9ac7fdac2f3a7f4ed5f12,1.0.3,27706896,7d9cc41b0e7e8c4d2a7a9630da1c2af0c83a7a38eace92e8452d771d06818fb8,212,213.0,213,1.0,16896,,True,65,1000,1000.0,FCz,64,64,True,True,True,True,16,ONLY-INITIAL-BOUNDARY,True,False,False,True,True,,ASSESSED-TIME-DOMAIN-ONLY,False,True,32,111111111111111111100000000001111111111111,19:centered_abs_gt_500uV|p2p_gt_1000uV|step_gt_200uV;20:centered_abs_gt_500uV|p2p_gt_1000uV|step_gt_200uV;21:centered_abs_gt_500uV|p2p_gt_1000uV|step_gt_200uV;22:centered_abs_gt_500uV|p2p_gt_1000uV|step_gt_200uV;23:centered_abs_gt_500uV|p2p_gt_1000uV|step_gt_200uV;24:centered_abs_gt_500uV|p2p_gt_1000uV|step_gt_200uV;25:centered_abs_gt_500uV|p2p_gt_1000uV|step_gt_200uV;26:centered_abs_gt_500uV|p2p_gt_1000uV|step_gt_200uV;27:centered_abs_gt_500uV|p2p_gt_1000uV|step_gt_200uV;28:centered_abs_gt_500uV|p2p_gt_1000uV|step_gt_200uV,200,0,0,False,False,insufficient_legal_draw_support
sub-426,sub-426/ses-1/eeg/sub-426_ses-1_task-EyesClosed_acq-pre_eeg.edf,6a558cd5852503e66df9ac7fdac2f3a7f4ed5f12,1.0.3,23676896,a7e668a587a3d8087a67cccf31b621f181c41142bb9182e3b5b7886d3bbd373e,182,182.0,182,1.0,16896,,True,65,1000,1000.0,FCz,64,64,True,True,True,True,1,ONLY-INITIAL-BOUNDARY,True,False,False,True,True,,ASSESSED-TIME-DOMAIN-ONLY,True,True,42,111111111111111111111111111111111111111111,,200,200,200,True,True,
sub-427,sub-427/ses-1/eeg/sub-427_ses-1_task-EyesClosed_acq-pre_eeg.edf,6a558cd5852503e66df9ac7fdac2f3a7f4ed5f12,1.0.3,23936896,6010dc8b0991e6d37b981066afd6aaf52c65250db08761f479f7581a117361a2,183,184.0,184,1.0,16896,,True,65,1000,1000.0,FCz,64,64,True,True,True,True,1,ONLY-INITIAL-BOUNDARY,True,False,False,True,True,,ASSESSED-TIME-DOMAIN-ONLY,True,True,42,111111111111111111111111111111111111111111,,200,200,200,True,True,
sub-428,sub-428/ses-1/eeg/sub-428_ses-1_task-EyesClosed_acq-pre_eeg.edf,6a558cd5852503e66df9ac7fdac2f3a7f4ed5f12,1.0.3,24976896,ab4cc6e9f991450ec5553f2f372c17d8d322a7c3ea8ff255448b5e0115e218e6,192,192.0,192,1.0,16896,,True,65,1000,1000.0,FCz,64,64,True,True,True,True,1,ONLY-INITIAL-BOUNDARY,True,False,False,True,True,,ASSESSED-TIME-DOMAIN-ONLY,True,True,42,111111111111111111111111111111111111111111,,200,200,200,True,True,
sub-429,sub-429/ses-1/eeg/sub-429_ses-1_task-EyesClosed_acq-pre_eeg.edf,6a558cd5852503e66df9ac7fdac2f3a7f4ed5f12,1.0.3,24066896,5f555ab8542726e9149255f6235516a62f105837027956ec7215a6a8b4b6560f,184,185.0,185,1.0,16896,,True,65,1000,1000.0,FCz,64,64,True,True,True,True,1,ONLY-INITIAL-BOUNDARY,True,False,False,True,True,,ASSESSED-TIME-DOMAIN-ONLY,True,True,42,111111111111111111111111111111111111111111,,200,200,200,True,True,
sub-430,sub-430/ses-1/eeg/sub-430_ses-1_task-EyesClosed_acq-pre_eeg.edf,6a558cd5852503e66df9ac7fdac2f3a7f4ed5f12,1.0.3,23936896,66dcef02bcef74f95026278321a1ef743826086116e46f5714de6c7a40c8d33b,184,184.0,184,1.0,16896,,True,65,1000,1000.0,FCz,64,64,True,True,True,True,49,OTHER-TASK-MARKERS,True,False,True,True,False,other_task_markers,NOT-ASSESSED-STRUCTURAL-FAIL,False,False,,,,,,,False,False,other_task_markers
sub-431,sub-431/ses-1/eeg/sub-431_ses-1_task-EyesClosed_acq-pre_eeg.edf,6a558cd5852503e66df9ac7fdac2f3a7f4ed5f12,1.0.3,23676896,1a591d859124826b9608e18aa99db83d4afeb1904822297b1728a5204167871d,182,182.0,182,1.0,16896,,True,65,1000,1000.0,FCz,64,64,True,True,True,True,1,ONLY-INITIAL-BOUNDARY,True,False,False,True,True,,ASSESSED-TIME-DOMAIN-ONLY,True,True,42,111111111111111111111111111111111111111111,,200,200,200,True,True,
sub-432,sub-432/ses-1/eeg/sub-432_ses-1_task-EyesClosed_acq-pre_eeg.edf,6a558cd5852503e66df9ac7fdac2f3a7f4ed5f12,1.0.3,24846896,89b3d30f31c7cbe1ee2ddc57e6d64908d28deb9cfa7224b19aaec426717a2077,190,191.0,191,1.0,16896,,True,65,1000,1000.0,FCz,64,64,True,True,True,True,966,OTHER-TASK-MARKERS,True,False,True,True,False,other_task_markers,NOT-ASSESSED-STRUCTURAL-FAIL,False,False,,,,,,,False,False,other_task_markers
sub-433,sub-433/ses-1/eeg/sub-433_ses-1_task-EyesClosed_acq-pre_eeg.edf,6a558cd5852503e66df9ac7fdac2f3a7f4ed5f12,1.0.3,24326896,0fc723fcd7ddff643d1c580b3e92129abc915d455345ad683667f1eb77561487,187,187.0,187,1.0,16896,,True,65,1000,1000.0,FCz,64,64,True,True,True,True,1,ONLY-INITIAL-BOUNDARY,True,False,False,True,True,,ASSESSED-TIME-DOMAIN-ONLY,True,True,42,111111111111111111111111111111111111111111,,200,200,200,True,True,
sub-434,sub-434/ses-1/eeg/sub-434_ses-1_task-EyesClosed_acq-pre_eeg.edf,6a558cd5852503e66df9ac7fdac2f3a7f4ed5f12,1.0.3,27056896,b19a9aea56cc81f5d3fa9a68ae04af5c654e9deab6ac5742371772a2ebdae485,207,208.0,208,1.0,16896,,True,65,1000,1000.0,FCz,64,64,True,True,True,True,1,ONLY-INITIAL-BOUNDARY,True,False,False,True,True,,ASSESSED-TIME-DOMAIN-ONLY,True,True,42,111111111111111111111111111111111111111111,,200,200,200,True,True,
sub-435,sub-435/ses-1/eeg/sub-435_ses-1_task-EyesClosed_acq-pre_eeg.edf,6a558cd5852503e66df9ac7fdac2f3a7f4ed5f12,1.0.3,23806896,51cdf2e96ca00e9e20cb5ca393662ba10318b952e137e31bf09bb786cbff595b,183,183.0,183,1.0,16896,,True,65,1000,1000.0,FCz,64,64,True,True,True,True,1,ONLY-INITIAL-BOUNDARY,True,False,False,True,True,,ASSESSED-TIME-DOMAIN-ONLY,True,True,42,111111111111111111111111111111111111111111,,200,200,200,True,True,
sub-436,sub-436/ses-1/eeg/sub-436_ses-1_task-EyesClosed_acq-pre_eeg.edf,6a558cd5852503e66df9ac7fdac2f3a7f4ed5f12,1.0.3,24326896,796960cc99d25e924f4a81e48ef19f0afaa3037c344d0124c4c9aac2263728a0,186,187.0,187,1.0,16896,,True,65,1000,1000.0,FCz,64,64,True,True,True,True,1,ONLY-INITIAL-BOUNDARY,True,False,False,True,True,,ASSESSED-TIME-DOMAIN-ONLY,True,True,42,111111111111111111111111111111111111111111,,200,200,200,True,True,
sub-437,sub-437/ses-1/eeg/sub-437_ses-1_task-EyesClosed_acq-pre_eeg.edf,6a558cd5852503e66df9ac7fdac2f3a7f4ed5f12,1.0.3,23676896,0d2676e648312f5c911b6aa3f1aeaeb9a7b943ab66cab7d2bf0204147e58832f,182,182.0,182,1.0,16896,,True,65,1000,1000.0,FCz,64,64,True,True,True,True,1,ONLY-INITIAL-BOUNDARY,True,False,False,True,True,,ASSESSED-TIME-DOMAIN-ONLY,True,True,42,111111111111111111111111111111111111111111,,200,200,200,True,True,
sub-438,sub-438/ses-1/eeg/sub-438_ses-1_task-EyesClosed_acq-pre_eeg.edf,6a558cd5852503e66df9ac7fdac2f3a7f4ed5f12,1.0.3,24456896,3e9d2cba75ae36a8dd029f88c8c046ea57a26453bf5fee719440436f750678ad,187,188.0,188,1.0,16896,,True,65,1000,1000.0,FCz,64,64,True,True,True,True,1,ONLY-INITIAL-BOUNDARY,True,False,False,True,True,,ASSESSED-TIME-DOMAIN-ONLY,True,True,42,111111111111111111111111111111111111111111,,200,200,200,True,True,
sub-439,sub-439/ses-1/eeg/sub-439_ses-1_task-EyesClosed_acq-pre_eeg.edf,6a558cd5852503e66df9ac7fdac2f3a7f4ed5f12,1.0.3,23676896,6e0581bf0ec8c8b5ea1515dde90b8ab9b0ef1b9e3596918fb8f0a83def8438a1,182,182.0,182,1.0,16896,,True,65,1000,1000.0,FCz,64,64,True,True,True,True,1,ONLY-INITIAL-BOUNDARY,True,False,False,True,True,,ASSESSED-TIME-DOMAIN-ONLY,True,True,42,111111111111111111111111111111111111111111,,200,200,200,True,True,
sub-440,sub-440/ses-1/eeg/sub-440_ses-1_task-EyesClosed_acq-pre_eeg.edf,6a558cd5852503e66df9ac7fdac2f3a7f4ed5f12,1.0.3,24716896,f7f723d330431c68be69e21c496b52eba2da53caa4f241fa263da1460fdeb97f,189,190.0,190,1.0,16896,,True,65,1000,1000.0,FCz,64,64,True,True,True,True,1,ONLY-INITIAL-BOUNDARY,True,False,False,True,True,,ASSESSED-TIME-DOMAIN-ONLY,True,True,42,111111111111111111111111111111111111111111,,200,200,200,True,True,
sub-441,sub-441/ses-1/eeg/sub-441_ses-1_task-EyesClosed_acq-pre_eeg.edf,6a558cd5852503e66df9ac7fdac2f3a7f4ed5f12,1.0.3,24586896,c6a8542464c907e33c8e958805892e0a5bee95f44dc77544e87a307b92885775,189,189.0,189,1.0,16896,,True,65,1000,1000.0,FCz,64,64,True,True,True,True,959,OTHER-TASK-MARKERS,True,False,True,True,False,other_task_markers,NOT-ASSESSED-STRUCTURAL-FAIL,False,False,,,,,,,False,False,other_task_markers
sub-442,sub-442/ses-1/eeg/sub-442_ses-1_task-EyesClosed_acq-pre_eeg.edf,6a558cd5852503e66df9ac7fdac2f3a7f4ed5f12,1.0.3,23546896,e15dd8102e07913d73b5c048d6c704eb7bf2caf29a8388277da3737e2fad2fe8,181,181.0,181,1.0,16896,,True,65,1000,1000.0,FCz,64,64,True,True,True,True,1,ONLY-INITIAL-BOUNDARY,True,False,False,True,True,,ASSESSED-TIME-DOMAIN-ONLY,True,True,42,111111111111111111111111111111111111111111,,200,200,200,True,True,
sub-443,sub-443/ses-1/eeg/sub-443_ses-1_task-EyesClosed_acq-pre_eeg.edf,6a558cd5852503e66df9ac7fdac2f3a7f4ed5f12,1.0.3,23676896,3d66dc4fe007e85c7e5da29607be3bb17b5aa944874d2c4966cf7be268769786,181,182.0,182,1.0,16896,,True,65,1000,1000.0,FCz,64,64,True,True,True,True,1,ONLY-INITIAL-BOUNDARY,True,False,False,True,True,,ASSESSED-TIME-DOMAIN-ONLY,True,True,42,111111111111111111111111111111111111111111,,200,200,200,True,True,
sub-444,sub-444/ses-1/eeg/sub-444_ses-1_task-EyesClosed_acq-pre_eeg.edf,6a558cd5852503e66df9ac7fdac2f3a7f4ed5f12,1.0.3,23806896,761ef74ec774e4107377a0b11c91ad047e041cddc8e01d4343185ff87f3b67ec,183,183.0,183,1.0,16896,,True,65,1000,1000.0,FCz,64,64,True,True,True,True,1,ONLY-INITIAL-BOUNDARY,True,False,False,True,True,,ASSESSED-TIME-DOMAIN-ONLY,True,True,42,111111111111111111111111111111111111111111,,200,200,200,True,True,
sub-445,sub-445/ses-1/eeg/sub-445_ses-1_task-EyesClosed_acq-pre_eeg.edf,6a558cd5852503e66df9ac7fdac2f3a7f4ed5f12,1.0.3,24326896,b43e3ef22fc9bd64b0ab6764f05129db2f5531b5d3740fc7322ee2a14256557b,186,187.0,187,1.0,16896,,True,65,1000,1000.0,FCz,64,64,True,True,True,True,1,ONLY-INITIAL-BOUNDARY,True,False,False,True,True,,ASSESSED-TIME-DOMAIN-ONLY,True,True,42,111111111111111111111111111111111111111111,,200,200,200,True,True,
sub-446,sub-446/ses-1/eeg/sub-446_ses-1_task-EyesClosed_acq-pre_eeg.edf,6a558cd5852503e66df9ac7fdac2f3a7f4ed5f12,1.0.3,24586896,a8b661f5f51a6eddfe429f75a7a4d0fb3dbdb8ff3944cc9d098fadfdea8e9afa,188,189.0,189,1.0,16896,,True,65,1000,1000.0,FCz,64,64,True,True,True,True,1,ONLY-INITIAL-BOUNDARY,True,False,False,True,True,,ASSESSED-TIME-DOMAIN-ONLY,True,True,42,111111111111111111111111111111111111111111,,200,200,200,True,True,
sub-447,sub-447/ses-1/eeg/sub-447_ses-1_task-EyesClosed_acq-pre_eeg.edf,6a558cd5852503e66df9ac7fdac2f3a7f4ed5f12,1.0.3,27186896,127848bb704571d38b00fe5e3af66891e88640261a974d601694c117a4e2b72a,209,209.0,209,1.0,16896,,True,65,1000,1000.0,FCz,64,64,True,True,True,True,1,ONLY-INITIAL-BOUNDARY,True,False,False,True,True,,ASSESSED-TIME-DOMAIN-ONLY,True,True,42,111111111111111111111111111111111111111111,,200,200,200,True,True,
sub-448,sub-448/ses-1/eeg/sub-448_ses-1_task-EyesClosed_acq-pre_eeg.edf,6a558cd5852503e66df9ac7fdac2f3a7f4ed5f12,1.0.3,24326896,4bb6212660e2ebf39d06d6a6c113eb520b0ed643a0c5dd50fc441223e03ab1b5,187,187.0,187,1.0,16896,,True,65,1000,1000.0,FCz,64,64,True,True,True,True,1,ONLY-INITIAL-BOUNDARY,True,False,False,True,True,,ASSESSED-TIME-DOMAIN-ONLY,True,True,42,111111111111111111111111111111111111111111,,200,200,200,True,True,
sub-449,sub-449/ses-1/eeg/sub-449_ses-1_task-EyesClosed_acq-pre_eeg.edf,6a558cd5852503e66df9ac7fdac2f3a7f4ed5f12,1.0.3,24586896,d00e8f02760bdca4d85f46605afbc50f6ebd995205574fa70997ffefd8932de2,188,189.0,189,1.0,16896,,True,65,1000,1000.0,FCz,64,64,True,True,True,True,1,ONLY-INITIAL-BOUNDARY,True,False,False,True,True,,ASSESSED-TIME-DOMAIN-ONLY,True,True,42,111111111111111111111111111111111111111111,,200,200,200,True,True,
sub-450,sub-450/ses-1/eeg/sub-450_ses-1_task-EyesClosed_acq-pre_eeg.edf,6a558cd5852503e66df9ac7fdac2f3a7f4ed5f12,1.0.3,24196896,3a86fbbb950749f2b01e681fec96901379ca8445865bfb6f1aa5bbe06a642647,186,186.0,186,1.0,16896,,True,65,1000,1000.0,FCz,64,64,True,True,True,True,1,ONLY-INITIAL-BOUNDARY,True,False,False,True,True,,ASSESSED-TIME-DOMAIN-ONLY,True,True,42,111111111111111111111111111111111111111111,,200,200,200,True,True,
sub-451,sub-451/ses-1/eeg/sub-451_ses-1_task-EyesClosed_acq-pre_eeg.edf,6a558cd5852503e66df9ac7fdac2f3a7f4ed5f12,1.0.3,23936896,e36597cc7746f80cfe1cf33dc98c41cc81e3d698ee5e4ceb7f45ce694178158c,183,184.0,184,1.0,16896,,True,65,1000,1000.0,FCz,64,64,True,True,True,True,1,ONLY-INITIAL-BOUNDARY,True,False,False,True,True,,ASSESSED-TIME-DOMAIN-ONLY,True,True,42,111111111111111111111111111111111111111111,,200,200,200,True,True,
sub-452,sub-452/ses-1/eeg/sub-452_ses-1_task-EyesClosed_acq-pre_eeg.edf,6a558cd5852503e66df9ac7fdac2f3a7f4ed5f12,1.0.3,25756896,67c8a7209ea18ae948016c159bef005e17bea288c9a97da1520df8266d69dc33,197,198.0,198,1.0,16896,,True,65,1000,1000.0,FCz,64,64,True,True,True,True,1,ONLY-INITIAL-BOUNDARY,True,False,False,True,True,,ASSESSED-TIME-DOMAIN-ONLY,True,True,42,111111111111111111111111111111111111111111,,200,200,200,True,True,
sub-453,sub-453/ses-1/eeg/sub-453_ses-1_task-EyesClosed_acq-pre_eeg.edf,6a558cd5852503e66df9ac7fdac2f3a7f4ed5f12,1.0.3,23936896,8b81790c8c5c798a62e9985a202ed7789a99ec4505828b3a6be1636728038cdf,183,184.0,184,1.0,16896,,True,65,1000,1000.0,FCz,64,64,True,True,True,True,1,ONLY-INITIAL-BOUNDARY,True,False,False,True,True,,ASSESSED-TIME-DOMAIN-ONLY,True,True,42,111111111111111111111111111111111111111111,,200,200,200,True,True,
sub-454,sub-454/ses-1/eeg/sub-454_ses-1_task-EyesClosed_acq-pre_eeg.edf,6a558cd5852503e66df9ac7fdac2f3a7f4ed5f12,1.0.3,23936896,e6eba4a3ff0371a2e418a0b837f69fc9a90c74306157f399f67a1ea271c1b5b2,184,184.0,184,1.0,16896,,True,65,1000,1000.0,FCz,64,64,True,True,True,True,1,ONLY-INITIAL-BOUNDARY,True,False,False,True,True,,ASSESSED-TIME-DOMAIN-ONLY,True,True,42,111111111111111111111111111111111111111111,,200,200,200,True,True,
sub-455,sub-455/ses-1/eeg/sub-455_ses-1_task-EyesClosed_acq-pre_eeg.edf,6a558cd5852503e66df9ac7fdac2f3a7f4ed5f12,1.0.3,23676896,3c8c3f5bcc66f5f862495151d4d8df6ee1849a3b3b49216d523599f9a5d6d545,182,182.0,182,1.0,16896,,True,65,1000,1000.0,FCz,64,64,True,True,True,True,1,ONLY-INITIAL-BOUNDARY,True,False,False,True,True,,ASSESSED-TIME-DOMAIN-ONLY,True,True,42,111111111111111111111111111111111111111111,,200,200,200,True,True,
sub-456,sub-456/ses-1/eeg/sub-456_ses-1_task-EyesClosed_acq-pre_eeg.edf,6a558cd5852503e66df9ac7fdac2f3a7f4ed5f12,1.0.3,23806896,eead9e48cd4dc11fa1cab506629e909f3b072bd2d11989ff33bf043e14a5c645,182,183.0,183,1.0,16896,,True,65,1000,1000.0,FCz,64,64,True,True,True,True,1,ONLY-INITIAL-BOUNDARY,True,False,False,True,True,,ASSESSED-TIME-DOMAIN-ONLY,True,True,42,111111111111111111111111111111111111111111,,200,200,200,True,True,
sub-457,sub-457/ses-1/eeg/sub-457_ses-1_task-EyesClosed_acq-pre_eeg.edf,6a558cd5852503e66df9ac7fdac2f3a7f4ed5f12,1.0.3,23936896,1b5c4870507b955572a794e83167e82100f731dc1e5206f9a227930beac2e022,184,184.0,184,1.0,16896,,True,65,1000,1000.0,FCz,64,64,True,True,True,True,1,ONLY-INITIAL-BOUNDARY,True,False,False,True,True,,ASSESSED-TIME-DOMAIN-ONLY,True,True,42,111111111111111111111111111111111111111111,,200,200,200,True,True,
sub-458,sub-458/ses-1/eeg/sub-458_ses-1_task-EyesClosed_acq-pre_eeg.edf,6a558cd5852503e66df9ac7fdac2f3a7f4ed5f12,1.0.3,23936896,5dc74b9fe4b5aaded9f41d8bbe6e3377a7222220ffbe758516b1d9b1d72a24cf,183,184.0,184,1.0,16896,,True,65,1000,1000.0,FCz,64,64,True,True,True,True,1,ONLY-INITIAL-BOUNDARY,True,False,False,True,True,,ASSESSED-TIME-DOMAIN-ONLY,True,True,42,111111111111111111111111111111111111111111,,200,200,200,True,True,
sub-459,sub-459/ses-1/eeg/sub-459_ses-1_task-EyesClosed_acq-pre_eeg.edf,6a558cd5852503e66df9ac7fdac2f3a7f4ed5f12,1.0.3,24976896,009477e77045543e8585c4c7a453e591fdd707aede1ef7853d017236dff1da0c,191,192.0,192,1.0,16896,,True,65,1000,1000.0,FCz,64,64,True,True,True,True,1,ONLY-INITIAL-BOUNDARY,True,False,False,True,True,,ASSESSED-TIME-DOMAIN-ONLY,True,True,42,111111111111111111111111111111111111111111,,200,200,200,True,True,
sub-460,sub-460/ses-1/eeg/sub-460_ses-1_task-EyesClosed_acq-pre_eeg.edf,6a558cd5852503e66df9ac7fdac2f3a7f4ed5f12,1.0.3,23676896,7aebc07989c2918fcc2ec2b3dbb1785e41c8d77b8b08ca16376f29fedb9d3468,182,182.0,182,1.0,16896,,True,65,1000,1000.0,FCz,64,64,True,True,True,True,1,ONLY-INITIAL-BOUNDARY,True,False,False,True,True,,ASSESSED-TIME-DOMAIN-ONLY,True,True,42,111111111111111111111111111111111111111111,,200,200,200,True,True,
sub-461,sub-461/ses-1/eeg/sub-461_ses-1_task-EyesClosed_acq-pre_eeg.edf,6a558cd5852503e66df9ac7fdac2f3a7f4ed5f12,1.0.3,23936896,262c47650d77a3fbb2195c8552cbc0328288a08819bfa7d924eaa86630fc4376,184,184.0,184,1.0,16896,,True,65,1000,1000.0,FCz,64,64,True,True,True,True,1,ONLY-INITIAL-BOUNDARY,True,False,False,True,True,,ASSESSED-TIME-DOMAIN-ONLY,True,True,42,111111111111111111111111111111111111111111,,200,200,200,True,True,
sub-462,sub-462/ses-1/eeg/sub-462_ses-1_task-EyesClosed_acq-pre_eeg.edf,6a558cd5852503e66df9ac7fdac2f3a7f4ed5f12,1.0.3,23806896,7916a943a25590319d9cd17af7929fadf879d970953a58fbb96700bba84e0fc0,182,183.0,183,1.0,16896,,True,65,1000,1000.0,FCz,64,64,True,True,True,True,1,ONLY-INITIAL-BOUNDARY,True,False,False,True,True,,ASSESSED-TIME-DOMAIN-ONLY,True,True,42,111111111111111111111111111111111111111111,,200,200,200,True,True,
sub-463,sub-463/ses-1/eeg/sub-463_ses-1_task-EyesClosed_acq-pre_eeg.edf,6a558cd5852503e66df9ac7fdac2f3a7f4ed5f12,1.0.3,24196896,f67cdf5f50fa93a54ec9d18e12517afa0b12711854b10712e7486d2f7a08aa49,186,186.0,186,1.0,16896,,True,65,1000,1000.0,FCz,64,64,True,True,True,True,1,ONLY-INITIAL-BOUNDARY,True,False,False,True,True,,ASSESSED-TIME-DOMAIN-ONLY,True,True,42,111111111111111111111111111111111111111111,,200,200,200,True,True,
sub-464,sub-464/ses-1/eeg/sub-464_ses-1_task-EyesClosed_acq-pre_eeg.edf,6a558cd5852503e66df9ac7fdac2f3a7f4ed5f12,1.0.3,27316896,cd7e0c1d54d086711305b0cc24f760da14d70c7087f064f406cb7df998048986,209,210.0,210,1.0,16896,,True,65,1000,1000.0,FCz,64,64,True,True,True,True,1,ONLY-INITIAL-BOUNDARY,True,False,False,True,True,,ASSESSED-TIME-DOMAIN-ONLY,True,True,42,111111111111111111111111111111111111111111,,200,200,200,True,True,
sub-465,sub-465/ses-1/eeg/sub-465_ses-1_task-EyesClosed_acq-pre_eeg.edf,6a558cd5852503e66df9ac7fdac2f3a7f4ed5f12,1.0.3,24066896,311c2555ba07d45f9d01162426ada83bdbf7e18a45b8c80e041fcd770a36ed62,184,185.0,185,1.0,16896,,True,65,1000,1000.0,FCz,64,64,True,True,True,True,1,ONLY-INITIAL-BOUNDARY,True,False,False,True,True,,ASSESSED-TIME-DOMAIN-ONLY,True,True,42,111111111111111111111111111111111111111111,,200,200,200,True,True,
sub-466,sub-466/ses-1/eeg/sub-466_ses-1_task-EyesClosed_acq-pre_eeg.edf,6a558cd5852503e66df9ac7fdac2f3a7f4ed5f12,1.0.3,24066896,ff8031b8ad37a70983f7e281dc8f9ed36d5e3c120ff4860f7a6b678e060effb3,185,185.0,185,1.0,16896,,True,65,1000,1000.0,FCz,64,64,True,True,True,True,1,ONLY-INITIAL-BOUNDARY,True,False,False,True,True,,ASSESSED-TIME-DOMAIN-ONLY,True,True,42,111111111111111111111111111111111111111111,,200,200,200,True,True,
sub-467,sub-467/ses-1/eeg/sub-467_ses-1_task-EyesClosed_acq-pre_eeg.edf,6a558cd5852503e66df9ac7fdac2f3a7f4ed5f12,1.0.3,24976896,236abbb7b54ab57d100129c267033eb8e699478f84f4d6849e7cdf613415e9f8,191,192.0,192,1.0,16896,,True,65,1000,1000.0,FCz,64,64,True,True,True,True,1,ONLY-INITIAL-BOUNDARY,True,False,False,True,True,,ASSESSED-TIME-DOMAIN-ONLY,True,True,42,111111111111111111111111111111111111111111,,200,200,200,True,True,
sub-468,sub-468/ses-1/eeg/sub-468_ses-1_task-EyesClosed_acq-pre_eeg.edf,6a558cd5852503e66df9ac7fdac2f3a7f4ed5f12,1.0.3,24326896,1f84c610a97ca9de6ff8abaeaa4ff90ae62c6d9dde4ac4c043c467753da3cc0c,186,187.0,187,1.0,16896,,True,65,1000,1000.0,FCz,64,64,True,True,True,True,1,ONLY-INITIAL-BOUNDARY,True,False,False,True,True,,ASSESSED-TIME-DOMAIN-ONLY,True,True,42,111111111111111111111111111111111111111111,,200,200,200,True,True,
sub-469,sub-469/ses-1/eeg/sub-469_ses-1_task-EyesClosed_acq-pre_eeg.edf,6a558cd5852503e66df9ac7fdac2f3a7f4ed5f12,1.0.3,23676896,b14337ec6fa6b9275cfb696d5e234e3eebf20f0b6c8f00bea4916f890b1ae3c2,182,182.0,182,1.0,16896,,True,65,1000,1000.0,FCz,64,64,True,True,True,True,1,ONLY-INITIAL-BOUNDARY,True,False,False,True,True,,ASSESSED-TIME-DOMAIN-ONLY,True,True,42,111111111111111111111111111111111111111111,,200,200,200,True,True,
sub-470,sub-470/ses-1/eeg/sub-470_ses-1_task-EyesClosed_acq-pre_eeg.edf,6a558cd5852503e66df9ac7fdac2f3a7f4ed5f12,1.0.3,23936896,f4478b474e54015f83bfe73319bf829ddeb7e95cd7303dbf7461a387b6a1713d,183,184.0,184,1.0,16896,,True,65,1000,1000.0,FCz,64,64,True,True,True,True,1,ONLY-INITIAL-BOUNDARY,True,False,False,True,True,,ASSESSED-TIME-DOMAIN-ONLY,True,True,42,111111111111111111111111111111111111111111,,200,200,200,True,True,
sub-471,sub-471/ses-1/eeg/sub-471_ses-1_task-EyesClosed_acq-pre_eeg.edf,6a558cd5852503e66df9ac7fdac2f3a7f4ed5f12,1.0.3,24196896,2df9edd03bff7d7a04d4e18f8eaad819dd7a10ad92a169dd0967baf1570f7eb1,185,186.0,186,1.0,16896,,True,65,1000,1000.0,FCz,64,64,True,True,True,True,1,ONLY-INITIAL-BOUNDARY,True,False,False,True,True,,ASSESSED-TIME-DOMAIN-ONLY,True,True,42,111111111111111111111111111111111111111111,,200,200,200,True,True,
sub-472,sub-472/ses-1/eeg/sub-472_ses-1_task-EyesClosed_acq-pre_eeg.edf,6a558cd5852503e66df9ac7fdac2f3a7f4ed5f12,1.0.3,23936896,764ac63100233241b9d64fc569779cd4063ae7cf5ac8993802e12ca9b915f82e,184,184.0,184,1.0,16896,,True,65,1000,1000.0,FCz,64,64,True,True,True,True,1,ONLY-INITIAL-BOUNDARY,True,False,False,True,True,,ASSESSED-TIME-DOMAIN-ONLY,True,True,42,111111111111111111111111111111111111111111,,200,200,200,True,True,
sub-473,sub-473/ses-1/eeg/sub-473_ses-1_task-EyesClosed_acq-pre_eeg.edf,6a558cd5852503e66df9ac7fdac2f3a7f4ed5f12,1.0.3,28616896,e38b7cf48f1793e08c695e9c14eaa81b8fb00ddf73994f6ab072552d092d639d,219,220.0,220,1.0,16896,,True,65,1000,1000.0,FCz,64,64,True,True,True,True,1,ONLY-INITIAL-BOUNDARY,True,False,False,True,True,,ASSESSED-TIME-DOMAIN-ONLY,True,True,42,111111111111111111111111111111111111111111,,200,200,200,True,True,
sub-474,sub-474/ses-1/eeg/sub-474_ses-1_task-EyesClosed_acq-pre_eeg.edf,6a558cd5852503e66df9ac7fdac2f3a7f4ed5f12,1.0.3,30046896,67e1658571ac38116b816992e5d01de78609742f43fe9dd0919f0b61f2233220,230,231.0,231,1.0,16896,,True,65,1000,1000.0,FCz,64,64,True,True,True,True,1170,OTHER-TASK-MARKERS,True,False,True,True,False,other_task_markers,NOT-ASSESSED-STRUCTURAL-FAIL,False,False,,,,,,,False,False,other_task_markers
sub-475,sub-475/ses-1/eeg/sub-475_ses-1_task-EyesClosed_acq-pre_eeg.edf,6a558cd5852503e66df9ac7fdac2f3a7f4ed5f12,1.0.3,23936896,af2d3d8aaa3c2c9ab25a2ba6044df9a2cf1a25a11e1c7a1cd9a91585673b578e,183,184.0,184,1.0,16896,,True,65,1000,1000.0,FCz,64,64,True,True,True,True,1,ONLY-INITIAL-BOUNDARY,True,False,False,True,True,,ASSESSED-TIME-DOMAIN-ONLY,True,True,42,111111111111111111111111111111111111111111,,200,200,200,True,True,
sub-476,sub-476/ses-1/eeg/sub-476_ses-1_task-EyesClosed_acq-pre_eeg.edf,6a558cd5852503e66df9ac7fdac2f3a7f4ed5f12,1.0.3,23936896,ed724978174855570d5f5642837a90fe76b05c851507331cc20af743c8bc0ab3,184,184.0,184,1.0,16896,,True,65,1000,1000.0,FCz,64,64,True,True,True,True,1,ONLY-INITIAL-BOUNDARY,True,False,False,True,True,,ASSESSED-TIME-DOMAIN-ONLY,True,True,42,111111111111111111111111111111111111111111,,200,200,200,True,True,
sub-477,sub-477/ses-1/eeg/sub-477_ses-1_task-EyesClosed_acq-pre_eeg.edf,6a558cd5852503e66df9ac7fdac2f3a7f4ed5f12,1.0.3,24066896,b6c9bc6bb7726f740b18f8e08b2ea375d93c6fc4e43b7c76836f8501dc5c1ffc,185,185.0,185,1.0,16896,,True,65,1000,1000.0,FCz,64,64,True,True,True,True,1,ONLY-INITIAL-BOUNDARY,True,False,False,True,True,,ASSESSED-TIME-DOMAIN-ONLY,True,True,42,111111111111111111111111111111111111111111,,200,200,200,True,True,
sub-478,sub-478/ses-1/eeg/sub-478_ses-1_task-EyesClosed_acq-pre_eeg.edf,6a558cd5852503e66df9ac7fdac2f3a7f4ed5f12,1.0.3,23806896,9f3b53f1b97bd1d6b2546dd2ed9f81bbc3f633d67a8c47cf8231c200bf1afd05,183,183.0,183,1.0,16896,,True,65,1000,1000.0,FCz,64,64,True,True,True,True,1,ONLY-INITIAL-BOUNDARY,True,False,False,True,True,,ASSESSED-TIME-DOMAIN-ONLY,True,True,42,111111111111111111111111111111111111111111,,200,200,200,True,True,
sub-479,sub-479/ses-1/eeg/sub-479_ses-1_task-EyesClosed_acq-pre_eeg.edf,6a558cd5852503e66df9ac7fdac2f3a7f4ed5f12,1.0.3,23936896,01767e4a9fea04b3677769c920e95c691754a86776944aa390243fdb9016f6bc,183,184.0,184,1.0,16896,,True,65,1000,1000.0,FCz,64,64,True,True,True,True,1,ONLY-INITIAL-BOUNDARY,True,False,False,True,True,,ASSESSED-TIME-DOMAIN-ONLY,True,True,42,111111111111111111111111111111111111111111,,200,200,200,True,True,
sub-480,sub-480/ses-1/eeg/sub-480_ses-1_task-EyesClosed_acq-pre_eeg.edf,6a558cd5852503e66df9ac7fdac2f3a7f4ed5f12,1.0.3,24196896,821492ec1d9e5f176f531be6a279136ebff500e6b8ad0bbab9a8b93b5942ebbe,185,186.0,186,1.0,16896,,True,65,1000,1000.0,FCz,64,64,True,True,True,True,2,USB-DISCONNECT-ANNOTATION,True,True,False,True,False,usb_disconnect_annotation,NOT-ASSESSED-STRUCTURAL-FAIL,False,False,,,,,,,False,False,usb_disconnect_annotation
sub-481,sub-481/ses-1/eeg/sub-481_ses-1_task-EyesClosed_acq-pre_eeg.edf,6a558cd5852503e66df9ac7fdac2f3a7f4ed5f12,1.0.3,23936896,a7632251bc58cf880c31ed3f5c40bb7f19e00ef4b0c187644196828725ccfdfc,184,184.0,184,1.0,16896,,True,65,1000,1000.0,FCz,64,64,True,True,True,True,1,ONLY-INITIAL-BOUNDARY,True,False,False,True,True,,ASSESSED-TIME-DOMAIN-ONLY,True,True,42,111111111111111111111111111111111111111111,,200,200,200,True,True,
sub-482,sub-482/ses-1/eeg/sub-482_ses-1_task-EyesClosed_acq-pre_eeg.edf,6a558cd5852503e66df9ac7fdac2f3a7f4ed5f12,1.0.3,23676896,5fca8c79feeb5ec15085d2d1e2ab4e9fd970a524d0554166e2eae581c7d6525a,182,182.0,182,1.0,16896,,True,65,1000,1000.0,FCz,64,64,True,True,True,True,1,ONLY-INITIAL-BOUNDARY,True,False,False,True,True,,ASSESSED-TIME-DOMAIN-ONLY,True,True,42,111111111111111111111111111111111111111111,,200,200,200,True,True,
sub-483,sub-483/ses-1/eeg/sub-483_ses-1_task-EyesClosed_acq-pre_eeg.edf,6a558cd5852503e66df9ac7fdac2f3a7f4ed5f12,1.0.3,23806896,37a0701f90740c83d4e239515af18c4ef4a55931bd3ddc79086dd99a72a47d97,183,183.0,183,1.0,16896,,True,65,1000,1000.0,FCz,64,64,True,True,True,True,1,ONLY-INITIAL-BOUNDARY,True,False,False,True,True,,ASSESSED-TIME-DOMAIN-ONLY,True,True,42,111111111111111111111111111111111111111111,,200,200,200,True,True,
sub-484,sub-484/ses-1/eeg/sub-484_ses-1_task-EyesClosed_acq-pre_eeg.edf,6a558cd5852503e66df9ac7fdac2f3a7f4ed5f12,1.0.3,24066896,6a5c6a9304595f7ee37b0f7572bafceb7b5eb4d0fac2e3d1081a1816e194bdeb,185,185.0,185,1.0,16896,,True,65,1000,1000.0,FCz,64,64,True,True,True,True,940,OTHER-TASK-MARKERS,True,False,True,True,False,other_task_markers,NOT-ASSESSED-STRUCTURAL-FAIL,False,False,,,,,,,False,False,other_task_markers
sub-485,sub-485/ses-1/eeg/sub-485_ses-1_task-EyesClosed_acq-pre_eeg.edf,6a558cd5852503e66df9ac7fdac2f3a7f4ed5f12,1.0.3,24066896,fff562678de05a06a0d452acd9880071127348e1c10a28b1f09eafae37a16063,184,185.0,185,1.0,16896,,True,65,1000,1000.0,FCz,64,64,True,True,True,True,1,ONLY-INITIAL-BOUNDARY,True,False,False,True,True,,ASSESSED-TIME-DOMAIN-ONLY,True,True,42,111111111111111111111111111111111111111111,,200,200,200,True,True,
sub-486,sub-486/ses-1/eeg/sub-486_ses-1_task-EyesClosed_acq-pre_eeg.edf,6a558cd5852503e66df9ac7fdac2f3a7f4ed5f12,1.0.3,23806896,f9de9f08a772ee09a96f88ec107bd1aa4cf4126e0dbce2636a283f82ffa7012a,183,183.0,183,1.0,16896,,True,65,1000,1000.0,FCz,64,64,True,True,True,True,1,ONLY-INITIAL-BOUNDARY,True,False,False,True,True,,ASSESSED-TIME-DOMAIN-ONLY,True,True,42,111111111111111111111111111111111111111111,,200,200,200,True,True,
sub-487,sub-487/ses-1/eeg/sub-487_ses-1_task-EyesClosed_acq-pre_eeg.edf,6a558cd5852503e66df9ac7fdac2f3a7f4ed5f12,1.0.3,27186896,25d9c2d0812efe15d95a9196069234e25a135f1f13d29a9fe16bbb0dee739b8b,209,209.0,209,1.0,16896,,True,65,1000,1000.0,FCz,64,64,True,True,True,True,1,ONLY-INITIAL-BOUNDARY,True,False,False,True,True,,ASSESSED-TIME-DOMAIN-ONLY,True,True,42,111111111111111111111111111111111111111111,,200,200,200,True,True,
sub-488,sub-488/ses-1/eeg/sub-488_ses-1_task-EyesClosed_acq-pre_eeg.edf,6a558cd5852503e66df9ac7fdac2f3a7f4ed5f12,1.0.3,23806896,513524ff0a26ad8a0b303af9364ff25961c4616083c3f304e39b914e8d9e30db,182,183.0,183,1.0,16896,,True,65,1000,1000.0,FCz,64,64,True,True,True,True,1,ONLY-INITIAL-BOUNDARY,True,False,False,True,True,,ASSESSED-TIME-DOMAIN-ONLY,True,True,42,111111111111111111111111111111111111111111,,200,200,200,True,True,
sub-489,sub-489/ses-1/eeg/sub-489_ses-1_task-EyesClosed_acq-pre_eeg.edf,6a558cd5852503e66df9ac7fdac2f3a7f4ed5f12,1.0.3,23806896,8790d5324d1862b29177ba4a058a39e096fbbe632e294ab71241ab9097fae1fd,183,183.0,183,1.0,16896,,True,65,1000,1000.0,FCz,64,64,True,True,True,True,1,ONLY-INITIAL-BOUNDARY,True,False,False,True,True,,ASSESSED-TIME-DOMAIN-ONLY,True,True,42,111111111111111111111111111111111111111111,,200,200,200,True,True,
sub-490,sub-490/ses-1/eeg/sub-490_ses-1_task-EyesClosed_acq-pre_eeg.edf,6a558cd5852503e66df9ac7fdac2f3a7f4ed5f12,1.0.3,23936896,bc2ed3397a678a818f129a62345fb49aa1daf724761482d94ee24869b4140459,184,184.0,184,1.0,16896,,True,65,1000,1000.0,FCz,64,64,True,True,True,True,19,OTHER-TASK-MARKERS,True,False,True,True,False,other_task_markers,NOT-ASSESSED-STRUCTURAL-FAIL,False,False,,,,,,,False,False,other_task_markers
sub-491,sub-491/ses-1/eeg/sub-491_ses-1_task-EyesClosed_acq-pre_eeg.edf,6a558cd5852503e66df9ac7fdac2f3a7f4ed5f12,1.0.3,27446896,11634d6fda6468de2fb1326b1aba9d13dd2e888c5d31f289f46b1f660ef6b307,211,211.0,211,1.0,16896,,True,65,1000,1000.0,FCz,64,64,True,True,True,True,1,ONLY-INITIAL-BOUNDARY,True,False,False,True,True,,ASSESSED-TIME-DOMAIN-ONLY,False,True,32,111111111111111111111000001011101111100011,21:centered_abs_gt_500uV|p2p_gt_1000uV;22:centered_abs_gt_500uV|p2p_gt_1000uV;23:centered_abs_gt_500uV|p2p_gt_1000uV;24:centered_abs_gt_500uV;25:centered_abs_gt_500uV|p2p_gt_1000uV;27:centered_abs_gt_500uV|p2p_gt_1000uV;31:centered_abs_gt_500uV|p2p_gt_1000uV;37:centered_abs_gt_500uV;38:centered_abs_gt_500uV|p2p_gt_1000uV;39:centered_abs_gt_500uV|p2p_gt_1000uV,63,0,0,False,False,insufficient_legal_draw_support
sub-492,sub-492/ses-1/eeg/sub-492_ses-1_task-EyesClosed_acq-pre_eeg.edf,6a558cd5852503e66df9ac7fdac2f3a7f4ed5f12,1.0.3,24586896,6400acf9ad71d65792449ec289d197b631a794e7699d226f4229ad7b30904555,189,189.0,189,1.0,16896,,True,65,1000,1000.0,FCz,64,64,True,True,True,True,1,ONLY-INITIAL-BOUNDARY,True,False,False,True,True,,ASSESSED-TIME-DOMAIN-ONLY,True,True,42,111111111111111111111111111111111111111111,,200,200,200,True,True,
sub-493,sub-493/ses-1/eeg/sub-493_ses-1_task-EyesClosed_acq-pre_eeg.edf,6a558cd5852503e66df9ac7fdac2f3a7f4ed5f12,1.0.3,23936896,f99352c4b713c7c1e8c7da518f4af6988fdee47f47dadfc6388a2146f7c733f2,184,184.0,184,1.0,16896,,True,65,1000,1000.0,FCz,64,64,True,True,True,True,2,ONLY-INITIAL-BOUNDARY,True,False,False,True,True,,ASSESSED-TIME-DOMAIN-ONLY,True,True,41,111111111111110111111111111111111111111111,14:centered_abs_gt_500uV|p2p_gt_1000uV|step_gt_200uV,200,200,200,False,True,
sub-494,sub-494/ses-1/eeg/sub-494_ses-1_task-EyesClosed_acq-pre_eeg.edf,6a558cd5852503e66df9ac7fdac2f3a7f4ed5f12,1.0.3,23806896,571b34f6ef845cb99b635da2804fd249b8ca5a9c775052e08054616c1d4c8c4c,183,183.0,183,1.0,16896,,True,65,1000,1000.0,FCz,64,64,True,True,True,True,1,ONLY-INITIAL-BOUNDARY,True,False,False,True,True,,ASSESSED-TIME-DOMAIN-ONLY,True,True,42,111111111111111111111111111111111111111111,,200,200,200,True,True,
sub-495,sub-495/ses-1/eeg/sub-495_ses-1_task-EyesClosed_acq-pre_eeg.edf,6a558cd5852503e66df9ac7fdac2f3a7f4ed5f12,1.0.3,23936896,3aa4760a13b8bb78cb16853c65766977b0ea15f3a6f93fa8758c74a8d0714b52,184,184.0,184,1.0,16896,,True,65,1000,1000.0,FCz,64,64,True,True,True,True,1,ONLY-INITIAL-BOUNDARY,True,False,False,True,True,,ASSESSED-TIME-DOMAIN-ONLY,True,True,42,111111111111111111111111111111111111111111,,200,200,200,True,True,
sub-496,sub-496/ses-1/eeg/sub-496_ses-1_task-EyesClosed_acq-pre_eeg.edf,6a558cd5852503e66df9ac7fdac2f3a7f4ed5f12,1.0.3,23806896,e09e6c297db9cb486582b84408c4c1fb90f16921af8559b7917226e100b34d60,182,183.0,183,1.0,16896,,True,65,1000,1000.0,FCz,64,64,True,True,True,True,1,ONLY-INITIAL-BOUNDARY,True,False,False,True,True,,ASSESSED-TIME-DOMAIN-ONLY,True,True,42,111111111111111111111111111111111111111111,,200,200,200,True,True,
sub-497,sub-497/ses-1/eeg/sub-497_ses-1_task-EyesClosed_acq-pre_eeg.edf,6a558cd5852503e66df9ac7fdac2f3a7f4ed5f12,1.0.3,24066896,bb3633ab0d37eb9c4fef2a3839328d93fbcb090b3b232d9fcadddb54139d343f,184,185.0,185,1.0,16896,,True,65,1000,1000.0,FCz,64,64,True,True,True,True,1,ONLY-INITIAL-BOUNDARY,True,False,False,True,True,,ASSESSED-TIME-DOMAIN-ONLY,True,True,42,111111111111111111111111111111111111111111,,200,200,200,True,True,
sub-498,sub-498/ses-1/eeg/sub-498_ses-1_task-EyesClosed_acq-pre_eeg.edf,6a558cd5852503e66df9ac7fdac2f3a7f4ed5f12,1.0.3,24066896,861c7d230cffe229fc3eab3a883dfdc1a2be4474b30afd15ad310926ffa85ced,184,185.0,185,1.0,16896,,True,65,1000,1000.0,FCz,64,64,True,True,True,True,1,ONLY-INITIAL-BOUNDARY,True,False,False,True,True,,ASSESSED-TIME-DOMAIN-ONLY,True,True,42,111111111111111111111111111111111111111111,,200,200,200,True,True,
sub-499,sub-499/ses-1/eeg/sub-499_ses-1_task-EyesClosed_acq-pre_eeg.edf,6a558cd5852503e66df9ac7fdac2f3a7f4ed5f12,1.0.3,24196896,a458fb63eca9f97c1b508ded8a8d23bd62747bb5c416259260e3de643208511a,185,186.0,186,1.0,16896,,True,65,1000,1000.0,FCz,64,64,True,True,True,True,1,ONLY-INITIAL-BOUNDARY,True,False,False,True,True,,ASSESSED-TIME-DOMAIN-ONLY,True,True,42,111111111111111111111111111111111111111111,,200,200,200,True,True,
sub-500,sub-500/ses-1/eeg/sub-500_ses-1_task-EyesClosed_acq-pre_eeg.edf,6a558cd5852503e66df9ac7fdac2f3a7f4ed5f12,1.0.3,23806896,2ad60b3cd421e50f3fba1732373bf34c8976173e62f21473cc82292370ba2bca,182,183.0,183,1.0,16896,,True,65,1000,1000.0,FCz,64,64,True,True,True,True,1,ONLY-INITIAL-BOUNDARY,True,False,False,True,True,,ASSESSED-TIME-DOMAIN-ONLY,True,True,42,111111111111111111111111111111111111111111,,200,200,200,True,True,
sub-501,sub-501/ses-1/eeg/sub-501_ses-1_task-EyesClosed_acq-pre_eeg.edf,6a558cd5852503e66df9ac7fdac2f3a7f4ed5f12,1.0.3,23676896,9d4795ed2049ba4ac7dee6f8d2916873755d428ddf073b25f2c0465f927ac202,181,182.0,182,1.0,16896,,True,65,1000,1000.0,FCz,64,64,True,True,True,True,1,ONLY-INITIAL-BOUNDARY,True,False,False,True,True,,ASSESSED-TIME-DOMAIN-ONLY,True,True,42,111111111111111111111111111111111111111111,,200,200,200,True,True,
sub-502,sub-502/ses-1/eeg/sub-502_ses-1_task-EyesClosed_acq-pre_eeg.edf,6a558cd5852503e66df9ac7fdac2f3a7f4ed5f12,1.0.3,25106896,cd529b76a6568a060d1a699a576eaa7bfd5b956d3e987dca61b2ec5d5bef606e,193,193.0,193,1.0,16896,,True,65,1000,1000.0,FCz,64,64,True,True,True,True,1,ONLY-INITIAL-BOUNDARY,True,False,False,True,True,,ASSESSED-TIME-DOMAIN-ONLY,True,True,42,111111111111111111111111111111111111111111,,200,200,200,True,True,
sub-503,sub-503/ses-1/eeg/sub-503_ses-1_task-EyesClosed_acq-pre_eeg.edf,6a558cd5852503e66df9ac7fdac2f3a7f4ed5f12,1.0.3,26016896,893575701dc0e65b54dd37ee49ade60952f4ae169394ac0880f3a83a8d4815ae,200,200.0,200,1.0,16896,,True,65,1000,1000.0,FCz,64,64,True,True,True,True,1,ONLY-INITIAL-BOUNDARY,True,False,False,True,True,,ASSESSED-TIME-DOMAIN-ONLY,True,True,42,111111111111111111111111111111111111111111,,200,200,200,True,True,
sub-504,sub-504/ses-1/eeg/sub-504_ses-1_task-EyesClosed_acq-pre_eeg.edf,6a558cd5852503e66df9ac7fdac2f3a7f4ed5f12,1.0.3,24066896,3ec62602138a8c483fcea60d9a9f3f2695429f7a0a6d6d76cc3b88a18b3a523f,184,185.0,185,1.0,16896,,True,65,1000,1000.0,FCz,64,64,True,True,True,True,1,ONLY-INITIAL-BOUNDARY,True,False,False,True,True,,ASSESSED-TIME-DOMAIN-ONLY,True,True,42,111111111111111111111111111111111111111111,,200,200,200,True,True,
sub-505,sub-505/ses-1/eeg/sub-505_ses-1_task-EyesClosed_acq-pre_eeg.edf,6a558cd5852503e66df9ac7fdac2f3a7f4ed5f12,1.0.3,23936896,306aed6f06362951dc06627de5112720e74b4b507d5a0f80176405425375b251,183,184.0,184,1.0,16896,,True,65,1000,1000.0,FCz,64,64,True,True,True,True,1,ONLY-INITIAL-BOUNDARY,True,False,False,True,True,,ASSESSED-TIME-DOMAIN-ONLY,True,True,42,111111111111111111111111111111111111111111,,200,200,200,True,True,
sub-506,sub-506/ses-1/eeg/sub-506_ses-1_task-EyesClosed_acq-pre_eeg.edf,6a558cd5852503e66df9ac7fdac2f3a7f4ed5f12,1.0.3,24326896,3bbd70c2cc7f7731b258fbd0a111ac68519b66b3d75c2e87609a30fd8b5bd591,187,187.0,187,1.0,16896,,True,65,1000,1000.0,FCz,64,64,True,True,True,True,1,ONLY-INITIAL-BOUNDARY,True,False,False,True,True,,ASSESSED-TIME-DOMAIN-ONLY,True,True,42,111111111111111111111111111111111111111111,,200,200,200,True,True,
sub-507,sub-507/ses-1/eeg/sub-507_ses-1_task-EyesClosed_acq-pre_eeg.edf,6a558cd5852503e66df9ac7fdac2f3a7f4ed5f12,1.0.3,23936896,46d4a3bff327ff90704dfeb71d0c0edf53d817b89a1f9b91087a29b8c1b58f99,184,184.0,184,1.0,16896,,True,65,1000,1000.0,FCz,64,64,True,True,True,True,1,ONLY-INITIAL-BOUNDARY,True,False,False,True,True,,ASSESSED-TIME-DOMAIN-ONLY,True,True,42,111111111111111111111111111111111111111111,,200,200,200,True,True,
sub-508,sub-508/ses-1/eeg/sub-508_ses-1_task-EyesClosed_acq-pre_eeg.edf,6a558cd5852503e66df9ac7fdac2f3a7f4ed5f12,1.0.3,24456896,03a2251dc6b284d0be6b9a27105b640d558875e19c7ae6b28d29e318ead76bc2,188,188.0,188,1.0,16896,,True,65,1000,1000.0,FCz,64,64,True,True,True,True,1,ONLY-INITIAL-BOUNDARY,True,False,False,True,True,,ASSESSED-TIME-DOMAIN-ONLY,True,True,42,111111111111111111111111111111111111111111,,200,200,200,True,True,
sub-509,sub-509/ses-1/eeg/sub-509_ses-1_task-EyesClosed_acq-pre_eeg.edf,6a558cd5852503e66df9ac7fdac2f3a7f4ed5f12,1.0.3,24456896,ec4c048ead1d24e44732bff7235c4c22a001af4c954bd405dc26430ab48542d4,187,188.0,188,1.0,16896,,True,65,1000,1000.0,FCz,64,64,True,True,True,True,1,ONLY-INITIAL-BOUNDARY,True,False,False,True,True,,ASSESSED-TIME-DOMAIN-ONLY,True,True,42,111111111111111111111111111111111111111111,,200,200,200,True,True,
sub-510,sub-510/ses-1/eeg/sub-510_ses-1_task-EyesClosed_acq-pre_eeg.edf,6a558cd5852503e66df9ac7fdac2f3a7f4ed5f12,1.0.3,26276896,fc36ca4311562e2f517a78dd79db19b4286f684aff12e8b5bac4003fa6b08599,202,202.0,202,1.0,16896,,True,65,1000,1000.0,FCz,64,64,True,True,True,True,1,ONLY-INITIAL-BOUNDARY,True,False,False,True,True,,ASSESSED-TIME-DOMAIN-ONLY,True,True,42,111111111111111111111111111111111111111111,,200,200,200,True,True,
sub-511,sub-511/ses-1/eeg/sub-511_ses-1_task-EyesClosed_acq-pre_eeg.edf,6a558cd5852503e66df9ac7fdac2f3a7f4ed5f12,1.0.3,24066896,84c02c9c98a40291b0cd292d159d449bb456d140e32087c9104c13228bbccb47,185,185.0,185,1.0,16896,,True,65,1000,1000.0,FCz,64,64,True,True,True,True,1,ONLY-INITIAL-BOUNDARY,True,False,False,True,True,,ASSESSED-TIME-DOMAIN-ONLY,True,True,42,111111111111111111111111111111111111111111,,200,200,200,True,True,
sub-512,sub-512/ses-1/eeg/sub-512_ses-1_task-EyesClosed_acq-pre_eeg.edf,6a558cd5852503e66df9ac7fdac2f3a7f4ed5f12,1.0.3,24066896,b7aad32e15bad8c8c4009f2d60c9421388de99cdb96704eb02d0a2913d0cc8f7,184,185.0,185,1.0,16896,,True,65,1000,1000.0,FCz,64,64,True,True,True,True,1,ONLY-INITIAL-BOUNDARY,True,False,False,True,True,,ASSESSED-TIME-DOMAIN-ONLY,True,True,41,111111111111111011111111111111111111111111,15:step_gt_200uV,200,200,200,False,True,
sub-513,sub-513/ses-1/eeg/sub-513_ses-1_task-EyesClosed_acq-pre_eeg.edf,6a558cd5852503e66df9ac7fdac2f3a7f4ed5f12,1.0.3,24196896,6e6e65bd2b16a369306b7cb85e24bad9310d9424939944d43658c0dc3aa88d02,185,186.0,186,1.0,16896,,True,65,1000,1000.0,FCz,64,64,True,True,True,True,1,ONLY-INITIAL-BOUNDARY,True,False,False,True,True,,ASSESSED-TIME-DOMAIN-ONLY,True,True,42,111111111111111111111111111111111111111111,,200,200,200,True,True,
sub-514,sub-514/ses-1/eeg/sub-514_ses-1_task-EyesClosed_acq-pre_eeg.edf,6a558cd5852503e66df9ac7fdac2f3a7f4ed5f12,1.0.3,23936896,33f6286278b10c83f29be69c05bfcf8de9fc8a1ff9d1b20142163a9cbfe1f0d9,183,184.0,184,1.0,16896,,True,65,1000,1000.0,FCz,64,64,True,True,True,True,1,ONLY-INITIAL-BOUNDARY,True,False,False,True,True,,ASSESSED-TIME-DOMAIN-ONLY,True,True,42,111111111111111111111111111111111111111111,,200,200,200,True,True,
sub-515,sub-515/ses-1/eeg/sub-515_ses-1_task-EyesClosed_acq-pre_eeg.edf,6a558cd5852503e66df9ac7fdac2f3a7f4ed5f12,1.0.3,24066896,9982f0c8744850434dbf37fb4ec969efb8906bef7e6789d002142584b62de834,184,185.0,185,1.0,16896,,True,65,1000,1000.0,FCz,64,64,True,True,True,True,1,ONLY-INITIAL-BOUNDARY,True,False,False,True,True,,ASSESSED-TIME-DOMAIN-ONLY,True,True,42,111111111111111111111111111111111111111111,,200,200,200,True,True,
sub-516,sub-516/ses-1/eeg/sub-516_ses-1_task-EyesClosed_acq-pre_eeg.edf,6a558cd5852503e66df9ac7fdac2f3a7f4ed5f12,1.0.3,25366896,f8989bd6a2f315a802f11168fde6b6137482ccd441fab18de4da0e6a0800c3ce,194,195.0,195,1.0,16896,,True,65,1000,1000.0,FCz,64,64,True,True,True,True,1,ONLY-INITIAL-BOUNDARY,True,False,False,True,True,,ASSESSED-TIME-DOMAIN-ONLY,True,True,42,111111111111111111111111111111111111111111,,200,200,200,True,True,
sub-517,sub-517/ses-1/eeg/sub-517_ses-1_task-EyesClosed_acq-pre_eeg.edf,6a558cd5852503e66df9ac7fdac2f3a7f4ed5f12,1.0.3,25236896,3b806504f01589cd60969f97599e26baeea00b3f31a3547d6f386885ec4508bc,194,194.0,194,1.0,16896,,True,65,1000,1000.0,FCz,64,64,True,True,True,True,1,ONLY-INITIAL-BOUNDARY,True,False,False,True,True,,ASSESSED-TIME-DOMAIN-ONLY,True,True,42,111111111111111111111111111111111111111111,,200,200,200,True,True,
sub-518,sub-518/ses-1/eeg/sub-518_ses-1_task-EyesClosed_acq-pre_eeg.edf,6a558cd5852503e66df9ac7fdac2f3a7f4ed5f12,1.0.3,26666896,e35fe13e29e706779e6e90fbb2b30433fce1004396e2907415c0bf3d8e59af14,204,205.0,205,1.0,16896,,True,65,1000,1000.0,FCz,64,64,True,True,True,True,1,ONLY-INITIAL-BOUNDARY,True,False,False,True,True,,ASSESSED-TIME-DOMAIN-ONLY,True,True,42,111111111111111111111111111111111111111111,,200,200,200,True,True,
sub-519,sub-519/ses-1/eeg/sub-519_ses-1_task-EyesClosed_acq-pre_eeg.edf,6a558cd5852503e66df9ac7fdac2f3a7f4ed5f12,1.0.3,23936896,c42f1e2a3d3af1d346ea1edfd42c165845106c0cc9a126a1add00d67d4b0f2e3,183,184.0,184,1.0,16896,,True,65,1000,1000.0,FCz,64,64,True,True,True,True,1,ONLY-INITIAL-BOUNDARY,True,False,False,True,True,,ASSESSED-TIME-DOMAIN-ONLY,True,True,42,111111111111111111111111111111111111111111,,200,200,200,True,True,
sub-520,sub-520/ses-1/eeg/sub-520_ses-1_task-EyesClosed_acq-pre_eeg.edf,6a558cd5852503e66df9ac7fdac2f3a7f4ed5f12,1.0.3,23936896,9cfe5cb43a8cca488affa141dbe72d7a77a0b3c583d55c9a8b85f80e0ee95837,183,184.0,184,1.0,16896,,True,65,1000,1000.0,FCz,64,64,True,True,True,True,1,ONLY-INITIAL-BOUNDARY,True,False,False,True,True,,ASSESSED-TIME-DOMAIN-ONLY,True,True,42,111111111111111111111111111111111111111111,,200,200,200,True,True,
sub-521,sub-521/ses-1/eeg/sub-521_ses-1_task-EyesClosed_acq-pre_eeg.edf,6a558cd5852503e66df9ac7fdac2f3a7f4ed5f12,1.0.3,23936896,9684bdddbf586c94d35173009d59da9f073a2f5164d666d51e51940e10c79f9f,183,184.0,184,1.0,16896,,True,65,1000,1000.0,FCz,64,64,True,True,True,True,2,USB-DISCONNECT-ANNOTATION,True,True,False,True,False,usb_disconnect_annotation,NOT-ASSESSED-STRUCTURAL-FAIL,False,False,,,,,,,False,False,usb_disconnect_annotation
sub-522,sub-522/ses-1/eeg/sub-522_ses-1_task-EyesClosed_acq-pre_eeg.edf,6a558cd5852503e66df9ac7fdac2f3a7f4ed5f12,1.0.3,25886896,20107443887182de383aa1cf74066677e638e26b42f76143c6a6ef785db5e2bb,198,199.0,199,1.0,16896,,True,65,1000,1000.0,FCz,64,64,True,True,True,True,1,ONLY-INITIAL-BOUNDARY,True,False,False,True,True,,ASSESSED-TIME-DOMAIN-ONLY,True,True,42,111111111111111111111111111111111111111111,,200,200,200,True,True,
sub-523,sub-523/ses-1/eeg/sub-523_ses-1_task-EyesClosed_acq-pre_eeg.edf,6a558cd5852503e66df9ac7fdac2f3a7f4ed5f12,1.0.3,23676896,383871bee55bf3573addb99134bdc5afca9835dd65af7556989b99e6a2723d74,181,182.0,182,1.0,16896,,True,65,1000,1000.0,FCz,64,64,True,True,True,True,1,ONLY-INITIAL-BOUNDARY,True,False,False,True,True,,ASSESSED-TIME-DOMAIN-ONLY,True,True,42,111111111111111111111111111111111111111111,,200,200,200,True,True,
sub-524,sub-524/ses-1/eeg/sub-524_ses-1_task-EyesClosed_acq-pre_eeg.edf,6a558cd5852503e66df9ac7fdac2f3a7f4ed5f12,1.0.3,23936896,0cbcb66570a94c000eec6ba46476248be03e2331f183f71ef7b24c73105462c2,183,184.0,184,1.0,16896,,True,65,1000,1000.0,FCz,64,64,True,True,True,True,1,ONLY-INITIAL-BOUNDARY,True,False,False,True,True,,ASSESSED-TIME-DOMAIN-ONLY,True,True,42,111111111111111111111111111111111111111111,,200,200,200,True,True,
sub-525,sub-525/ses-1/eeg/sub-525_ses-1_task-EyesClosed_acq-pre_eeg.edf,6a558cd5852503e66df9ac7fdac2f3a7f4ed5f12,1.0.3,23806896,06d817630d247a14c5684908a7f143cf9921d11dfe06788426e29aabfc4e285c,182,183.0,183,1.0,16896,,True,65,1000,1000.0,FCz,64,64,True,True,True,True,1,ONLY-INITIAL-BOUNDARY,True,False,False,True,True,,ASSESSED-TIME-DOMAIN-ONLY,True,True,42,111111111111111111111111111111111111111111,,200,200,200,True,True,
sub-526,sub-526/ses-1/eeg/sub-526_ses-1_task-EyesClosed_acq-pre_eeg.edf,6a558cd5852503e66df9ac7fdac2f3a7f4ed5f12,1.0.3,25236896,72c7014e86c7ebcd22b2bb781622c197cc0e03291fbf1a00157bd781b14a72be,194,194.0,194,1.0,16896,,True,65,1000,1000.0,FCz,64,64,True,True,True,True,2,ONLY-INITIAL-BOUNDARY,True,False,False,True,True,,ASSESSED-TIME-DOMAIN-ONLY,False,True,35,111111100001111101111111111011111101111111,7:centered_abs_gt_500uV|p2p_gt_1000uV;8:centered_abs_gt_500uV|p2p_gt_1000uV;9:centered_abs_gt_500uV;10:centered_abs_gt_500uV;16:centered_abs_gt_500uV|p2p_gt_1000uV;27:centered_abs_gt_500uV|p2p_gt_1000uV|step_gt_200uV;34:centered_abs_gt_500uV,0,200,200,False,False,insufficient_legal_draw_support
sub-527,sub-527/ses-1/eeg/sub-527_ses-1_task-EyesClosed_acq-pre_eeg.edf,6a558cd5852503e66df9ac7fdac2f3a7f4ed5f12,1.0.3,23806896,fe8343944c157474e72ae06305cdc8452db3ff43a1c46e466f16fff86eef6b5a,183,183.0,183,1.0,16896,,True,65,1000,1000.0,FCz,64,64,True,True,True,True,1,ONLY-INITIAL-BOUNDARY,True,False,False,True,True,,ASSESSED-TIME-DOMAIN-ONLY,True,True,42,111111111111111111111111111111111111111111,,200,200,200,True,True,
sub-528,sub-528/ses-1/eeg/sub-528_ses-1_task-EyesClosed_acq-pre_eeg.edf,6a558cd5852503e66df9ac7fdac2f3a7f4ed5f12,1.0.3,24326896,8bb22d231e8e03bb5e18974498a55f762251bdd689d0ec98e216e3908b8a1749,186,187.0,187,1.0,16896,,True,65,1000,1000.0,FCz,64,64,True,True,True,True,1,ONLY-INITIAL-BOUNDARY,True,False,False,True,True,,ASSESSED-TIME-DOMAIN-ONLY,True,True,42,111111111111111111111111111111111111111111,,200,200,200,True,True,
sub-529,sub-529/ses-1/eeg/sub-529_ses-1_task-EyesClosed_acq-pre_eeg.edf,6a558cd5852503e66df9ac7fdac2f3a7f4ed5f12,1.0.3,23806896,ae517615f154b3f95bcd248ab6bbdb2c65923415457830e4cd1267bb2a20d7ee,183,183.0,183,1.0,16896,,True,65,1000,1000.0,FCz,64,64,True,True,True,True,1,ONLY-INITIAL-BOUNDARY,True,False,False,True,True,,ASSESSED-TIME-DOMAIN-ONLY,True,True,42,111111111111111111111111111111111111111111,,200,200,200,True,True,
sub-530,sub-530/ses-1/eeg/sub-530_ses-1_task-EyesClosed_acq-pre_eeg.edf,6a558cd5852503e66df9ac7fdac2f3a7f4ed5f12,1.0.3,26536896,3b26cbf8f455058f23111ad0ce1d09415da190e865b09a1ec86e6a6fdaf23555,203,204.0,204,1.0,16896,,True,65,1000,1000.0,FCz,64,64,True,True,True,True,1,ONLY-INITIAL-BOUNDARY,True,False,False,True,True,,ASSESSED-TIME-DOMAIN-ONLY,True,True,42,111111111111111111111111111111111111111111,,200,200,200,True,True,
sub-531,sub-531/ses-1/eeg/sub-531_ses-1_task-EyesClosed_acq-pre_eeg.edf,6a558cd5852503e66df9ac7fdac2f3a7f4ed5f12,1.0.3,23806896,1a304655e950523fbecb87984101b6a130edaf8e3f2a3bcf0f36244e5a16508b,182,183.0,183,1.0,16896,,True,65,1000,1000.0,FCz,64,64,True,True,True,True,1,ONLY-INITIAL-BOUNDARY,True,False,False,True,True,,ASSESSED-TIME-DOMAIN-ONLY,True,True,42,111111111111111111111111111111111111111111,,200,200,200,True,True,
sub-532,sub-532/ses-1/eeg/sub-532_ses-1_task-EyesClosed_acq-pre_eeg.edf,6a558cd5852503e66df9ac7fdac2f3a7f4ed5f12,1.0.3,23806896,9fbe250b62b8d6311288fa43f318e54bfa65f8f8986d49788b8e6d03423e2622,183,183.0,183,1.0,16896,,True,65,1000,1000.0,FCz,64,64,True,True,True,True,1,ONLY-INITIAL-BOUNDARY,True,False,False,True,True,,ASSESSED-TIME-DOMAIN-ONLY,True,True,42,111111111111111111111111111111111111111111,,200,200,200,True,True,
sub-533,sub-533/ses-1/eeg/sub-533_ses-1_task-EyesClosed_acq-pre_eeg.edf,6a558cd5852503e66df9ac7fdac2f3a7f4ed5f12,1.0.3,23936896,23ea381a488bc29d8607ec06507f2efe2e1fdd8a39e683a477cf64603d326fcc,184,184.0,184,1.0,16896,,True,65,1000,1000.0,FCz,64,64,True,True,True,True,1,ONLY-INITIAL-BOUNDARY,True,False,False,True,True,,ASSESSED-TIME-DOMAIN-ONLY,True,True,42,111111111111111111111111111111111111111111,,200,200,200,True,True,
sub-534,sub-534/ses-1/eeg/sub-534_ses-1_task-EyesClosed_acq-pre_eeg.edf,6a558cd5852503e66df9ac7fdac2f3a7f4ed5f12,1.0.3,23806896,4cf77f4d3151a7668c65693edec1d03d4ed33f8129a3bd8e40995b9c426e8c5d,182,183.0,183,1.0,16896,,True,65,1000,1000.0,FCz,64,64,True,True,True,True,1,ONLY-INITIAL-BOUNDARY,True,False,False,True,True,,ASSESSED-TIME-DOMAIN-ONLY,True,True,42,111111111111111111111111111111111111111111,,200,200,200,True,True,
sub-535,sub-535/ses-1/eeg/sub-535_ses-1_task-EyesClosed_acq-pre_eeg.edf,6a558cd5852503e66df9ac7fdac2f3a7f4ed5f12,1.0.3,24716896,955e8b32a86bbe2c09ec5b0fa85506178ed62a3efd7ec7013dd4835c48727dff,189,190.0,190,1.0,16896,,True,65,1000,1000.0,FCz,64,64,True,True,True,True,1,ONLY-INITIAL-BOUNDARY,True,False,False,True,True,,ASSESSED-TIME-DOMAIN-ONLY,True,True,42,111111111111111111111111111111111111111111,,200,200,200,True,True,
sub-536,sub-536/ses-1/eeg/sub-536_ses-1_task-EyesClosed_acq-pre_eeg.edf,6a558cd5852503e66df9ac7fdac2f3a7f4ed5f12,1.0.3,24196896,b96938caf373d7baa61222d288217a1d47873d234dbf6b399a14627f3827dac6,185,186.0,186,1.0,16896,,True,65,1000,1000.0,FCz,64,64,True,True,True,True,1,ONLY-INITIAL-BOUNDARY,True,False,False,True,True,,ASSESSED-TIME-DOMAIN-ONLY,True,True,42,111111111111111111111111111111111111111111,,200,200,200,True,True,
sub-537,sub-537/ses-1/eeg/sub-537_ses-1_task-EyesClosed_acq-pre_eeg.edf,6a558cd5852503e66df9ac7fdac2f3a7f4ed5f12,1.0.3,23806896,fb411b25b23c10925447aefeb327bed27e14192b0494aee469bb8cfa249a9477,183,183.0,183,1.0,16896,,True,65,1000,1000.0,FCz,64,64,True,True,True,True,1,ONLY-INITIAL-BOUNDARY,True,False,False,True,True,,ASSESSED-TIME-DOMAIN-ONLY,True,True,42,111111111111111111111111111111111111111111,,200,200,200,True,True,
sub-538,sub-538/ses-1/eeg/sub-538_ses-1_task-EyesClosed_acq-pre_eeg.edf,6a558cd5852503e66df9ac7fdac2f3a7f4ed5f12,1.0.3,23676896,087646da717069fa148cfbdd5e5972e2c26b726a35522849b2e03b485b777d5f,182,182.0,182,1.0,16896,,True,65,1000,1000.0,FCz,64,64,True,True,True,True,1,ONLY-INITIAL-BOUNDARY,True,False,False,True,True,,ASSESSED-TIME-DOMAIN-ONLY,True,True,42,111111111111111111111111111111111111111111,,200,200,200,True,True,
sub-539,sub-539/ses-1/eeg/sub-539_ses-1_task-EyesClosed_acq-pre_eeg.edf,6a558cd5852503e66df9ac7fdac2f3a7f4ed5f12,1.0.3,23936896,67e1b1236458649352b6225d675821a11f088264c0e957825ef84928e65230ef,183,184.0,184,1.0,16896,,True,65,1000,1000.0,FCz,64,64,True,True,True,True,1,ONLY-INITIAL-BOUNDARY,True,False,False,True,True,,ASSESSED-TIME-DOMAIN-ONLY,True,True,42,111111111111111111111111111111111111111111,,200,200,200,True,True,
sub-540,sub-540/ses-1/eeg/sub-540_ses-1_task-EyesClosed_acq-pre_eeg.edf,6a558cd5852503e66df9ac7fdac2f3a7f4ed5f12,1.0.3,25236896,ecffb8327f23ea445049908156e4be3ccaa447da45abe968a216a57ca4848198,194,194.0,194,1.0,16896,,True,65,1000,1000.0,FCz,64,64,True,True,True,True,1,ONLY-INITIAL-BOUNDARY,True,False,False,True,True,,ASSESSED-TIME-DOMAIN-ONLY,True,True,42,111111111111111111111111111111111111111111,,200,200,200,True,True,
sub-541,sub-541/ses-1/eeg/sub-541_ses-1_task-EyesClosed_acq-pre_eeg.edf,6a558cd5852503e66df9ac7fdac2f3a7f4ed5f12,1.0.3,23806896,7bc8db3dc1cafac0158706401e7ac39400470e2c0901de1064836119398f7f5b,183,183.0,183,1.0,16896,,True,65,1000,1000.0,FCz,64,64,True,True,True,True,1,ONLY-INITIAL-BOUNDARY,True,False,False,True,True,,ASSESSED-TIME-DOMAIN-ONLY,True,True,42,111111111111111111111111111111111111111111,,200,200,200,True,True,
sub-542,sub-542/ses-1/eeg/sub-542_ses-1_task-EyesClosed_acq-pre_eeg.edf,6a558cd5852503e66df9ac7fdac2f3a7f4ed5f12,1.0.3,23806896,79114d2b9ba0fdb89b60ca893a4ad148dbea16c391c855fdf38c2995bae77f08,182,183.0,183,1.0,16896,,True,65,1000,1000.0,FCz,64,64,True,True,True,True,382,OTHER-TASK-MARKERS,True,False,True,True,False,other_task_markers,NOT-ASSESSED-STRUCTURAL-FAIL,False,False,,,,,,,False,False,other_task_markers
sub-543,sub-543/ses-1/eeg/sub-543_ses-1_task-EyesClosed_acq-pre_eeg.edf,6a558cd5852503e66df9ac7fdac2f3a7f4ed5f12,1.0.3,24196896,4fbb7501ee35822c943aad57d857f2a50eee41d2e37d7a7a9e6dd730bc704cb6,185,186.0,186,1.0,16896,,True,65,1000,1000.0,FCz,64,64,True,True,True,True,1,ONLY-INITIAL-BOUNDARY,True,False,False,True,True,,ASSESSED-TIME-DOMAIN-ONLY,True,True,42,111111111111111111111111111111111111111111,,200,200,200,True,True,
sub-544,sub-544/ses-1/eeg/sub-544_ses-1_task-EyesClosed_acq-pre_eeg.edf,6a558cd5852503e66df9ac7fdac2f3a7f4ed5f12,1.0.3,23806896,b3147548633132879fd5ccc8331a00dd4ea22f8b507dec341ebe017f295e1042,182,183.0,183,1.0,16896,,True,65,1000,1000.0,FCz,64,64,True,True,True,True,1,ONLY-INITIAL-BOUNDARY,True,False,False,True,True,,ASSESSED-TIME-DOMAIN-ONLY,True,True,42,111111111111111111111111111111111111111111,,200,200,200,True,True,
sub-545,sub-545/ses-1/eeg/sub-545_ses-1_task-EyesClosed_acq-pre_eeg.edf,6a558cd5852503e66df9ac7fdac2f3a7f4ed5f12,1.0.3,23936896,4e1ac97d8e361cddda326eccf98c4acaa863f14241fb14e67b63fb7d660b55c2,183,184.0,184,1.0,16896,,True,65,1000,1000.0,FCz,64,64,True,True,True,True,1,ONLY-INITIAL-BOUNDARY,True,False,False,True,True,,ASSESSED-TIME-DOMAIN-ONLY,True,True,42,111111111111111111111111111111111111111111,,200,200,200,True,True,
sub-546,sub-546/ses-1/eeg/sub-546_ses-1_task-EyesClosed_acq-pre_eeg.edf,6a558cd5852503e66df9ac7fdac2f3a7f4ed5f12,1.0.3,23806896,8ddf7356e3dd1d2434949d21249f4246b2d99bbcd2f259ddce25b5b4a4d14018,183,183.0,183,1.0,16896,,True,65,1000,1000.0,FCz,64,64,True,True,True,True,1,ONLY-INITIAL-BOUNDARY,True,False,False,True,True,,ASSESSED-TIME-DOMAIN-ONLY,True,True,42,111111111111111111111111111111111111111111,,200,200,200,True,True,
sub-547,sub-547/ses-1/eeg/sub-547_ses-1_task-EyesClosed_acq-pre_eeg.edf,6a558cd5852503e66df9ac7fdac2f3a7f4ed5f12,1.0.3,24716896,9e56813f1f23413c0fed467644bc76b0a5c115a3283506fb43ea4ed45cc427e1,190,190.0,190,1.0,16896,,True,65,1000,1000.0,FCz,64,64,True,True,True,True,1,ONLY-INITIAL-BOUNDARY,True,False,False,True,True,,ASSESSED-TIME-DOMAIN-ONLY,True,True,42,111111111111111111111111111111111111111111,,200,200,200,True,True,
sub-548,sub-548/ses-1/eeg/sub-548_ses-1_task-EyesClosed_acq-pre_eeg.edf,6a558cd5852503e66df9ac7fdac2f3a7f4ed5f12,1.0.3,23676896,b74365e0f62de23f6883dae30d7f1f20ad5008bf139422bf3cf24caa098ba228,182,182.0,182,1.0,16896,,True,65,1000,1000.0,FCz,64,64,True,True,True,True,1,ONLY-INITIAL-BOUNDARY,True,False,False,True,True,,ASSESSED-TIME-DOMAIN-ONLY,True,True,42,111111111111111111111111111111111111111111,,200,200,200,True,True,
sub-549,sub-549/ses-1/eeg/sub-549_ses-1_task-EyesClosed_acq-pre_eeg.edf,6a558cd5852503e66df9ac7fdac2f3a7f4ed5f12,1.0.3,23936896,41a46c4da2fba830ec3f497897dbbf4ae3e9361fea76c26ba857177d90edfff5,184,184.0,184,1.0,16896,,True,65,1000,1000.0,FCz,64,64,True,True,True,True,1,ONLY-INITIAL-BOUNDARY,True,False,False,True,True,,ASSESSED-TIME-DOMAIN-ONLY,True,True,42,111111111111111111111111111111111111111111,,200,200,200,True,True,
sub-550,sub-550/ses-1/eeg/sub-550_ses-1_task-EyesClosed_acq-pre_eeg.edf,6a558cd5852503e66df9ac7fdac2f3a7f4ed5f12,1.0.3,23676896,59750da0fb9bc616ed0b54d76e411aa404499af99d272066e6ac8a4c470cf8ae,182,182.0,182,1.0,16896,,True,65,1000,1000.0,FCz,64,64,True,True,True,True,1,ONLY-INITIAL-BOUNDARY,True,False,False,True,True,,ASSESSED-TIME-DOMAIN-ONLY,True,True,42,111111111111111111111111111111111111111111,,200,200,200,True,True,
sub-551,sub-551/ses-1/eeg/sub-551_ses-1_task-EyesClosed_acq-pre_eeg.edf,6a558cd5852503e66df9ac7fdac2f3a7f4ed5f12,1.0.3,23806896,41eafb67cdd3281a98dda4e009dc8b0b20ac7a11367a914db55951082ddb3ffd,183,183.0,183,1.0,16896,,True,65,1000,1000.0,FCz,64,64,True,True,True,True,1,ONLY-INITIAL-BOUNDARY,True,False,False,True,True,,ASSESSED-TIME-DOMAIN-ONLY,True,True,42,111111111111111111111111111111111111111111,,200,200,200,True,True,
sub-552,sub-552/ses-1/eeg/sub-552_ses-1_task-EyesClosed_acq-pre_eeg.edf,6a558cd5852503e66df9ac7fdac2f3a7f4ed5f12,1.0.3,23806896,b7931edf25b937dd80ff0a6f10f826358f90b1e97650f356ad83c4d7e4be4e0d,183,183.0,183,1.0,16896,,True,65,1000,1000.0,FCz,64,64,True,True,True,True,1,ONLY-INITIAL-BOUNDARY,True,False,False,True,True,,ASSESSED-TIME-DOMAIN-ONLY,False,True,40,111111111011111101111111111111111111111111,9:step_gt_200uV;16:step_gt_200uV,147,200,200,False,False,insufficient_legal_draw_support
sub-553,sub-553/ses-1/eeg/sub-553_ses-1_task-EyesClosed_acq-pre_eeg.edf,6a558cd5852503e66df9ac7fdac2f3a7f4ed5f12,1.0.3,23676896,e82778673292fcb93d42c2490e4625ed84369db9743e30a3c9df163b2cfa77f2,182,182.0,182,1.0,16896,,True,65,1000,1000.0,FCz,64,64,True,True,True,True,1,ONLY-INITIAL-BOUNDARY,True,False,False,True,True,,ASSESSED-TIME-DOMAIN-ONLY,True,True,42,111111111111111111111111111111111111111111,,200,200,200,True,True,
sub-554,sub-554/ses-1/eeg/sub-554_ses-1_task-EyesClosed_acq-pre_eeg.edf,6a558cd5852503e66df9ac7fdac2f3a7f4ed5f12,1.0.3,24326896,16358a32c40245a7125e8eaff9ad19d4714cd8ad12523d783f6ef48e7438ef6f,187,187.0,187,1.0,16896,,True,65,1000,1000.0,FCz,64,64,True,True,True,True,2,ONLY-INITIAL-BOUNDARY,True,False,False,True,True,,ASSESSED-TIME-DOMAIN-ONLY,True,True,41,111111111111111111111111111101111111111111,28:centered_abs_gt_500uV|p2p_gt_1000uV|step_gt_200uV,200,200,200,False,True,
sub-555,sub-555/ses-1/eeg/sub-555_ses-1_task-EyesClosed_acq-pre_eeg.edf,6a558cd5852503e66df9ac7fdac2f3a7f4ed5f12,1.0.3,23936896,365f2f5d56ed9b18566a24227629636d117f6792b781994fd7edde8bd07a3b3a,184,184.0,184,1.0,16896,,True,65,1000,1000.0,FCz,64,64,True,True,True,True,1,ONLY-INITIAL-BOUNDARY,True,False,False,True,True,,ASSESSED-TIME-DOMAIN-ONLY,True,True,42,111111111111111111111111111111111111111111,,200,200,200,True,True,
sub-556,sub-556/ses-1/eeg/sub-556_ses-1_task-EyesClosed_acq-pre_eeg.edf,6a558cd5852503e66df9ac7fdac2f3a7f4ed5f12,1.0.3,36026896,045c52c1f62d818c66d748985928f32b9296a9939aa5e59df4bf863fa9506efe,277,277.0,277,1.0,16896,,True,65,1000,1000.0,FCz,64,64,True,True,True,True,1,ONLY-INITIAL-BOUNDARY,True,False,False,True,True,,ASSESSED-TIME-DOMAIN-ONLY,True,True,42,111111111111111111111111111111111111111111,,200,200,200,True,True,
sub-557,sub-557/ses-1/eeg/sub-557_ses-1_task-EyesClosed_acq-pre_eeg.edf,6a558cd5852503e66df9ac7fdac2f3a7f4ed5f12,1.0.3,23676896,45e5b8472a99e44c99e9ff6691fd4a15396b7e5b258e023c1ec875a745c596e3,182,182.0,182,1.0,16896,,True,65,1000,1000.0,FCz,64,64,True,True,True,True,1,ONLY-INITIAL-BOUNDARY,True,False,False,True,True,,ASSESSED-TIME-DOMAIN-ONLY,True,True,42,111111111111111111111111111111111111111111,,200,200,200,True,True,
sub-558,sub-558/ses-1/eeg/sub-558_ses-1_task-EyesClosed_acq-pre_eeg.edf,6a558cd5852503e66df9ac7fdac2f3a7f4ed5f12,1.0.3,23806896,46659229b67640257808987fbef39207180450682547e647ebddc11eb57ff1cd,182,183.0,183,1.0,16896,,True,65,1000,1000.0,FCz,64,64,True,True,True,True,1,ONLY-INITIAL-BOUNDARY,True,False,False,True,True,,ASSESSED-TIME-DOMAIN-ONLY,True,True,42,111111111111111111111111111111111111111111,,200,200,200,True,True,
sub-559,sub-559/ses-1/eeg/sub-559_ses-1_task-EyesClosed_acq-pre_eeg.edf,6a558cd5852503e66df9ac7fdac2f3a7f4ed5f12,1.0.3,23546896,9c51da07ce919f79bfe9dda35cde0c02c26e5c1d428e9ecb603eeba0eb824fac,181,181.0,181,1.0,16896,,True,65,1000,1000.0,FCz,64,64,True,True,True,True,1,ONLY-INITIAL-BOUNDARY,True,False,False,True,True,,ASSESSED-TIME-DOMAIN-ONLY,True,True,42,111111111111111111111111111111111111111111,,200,200,200,True,True,
sub-560,sub-560/ses-1/eeg/sub-560_ses-1_task-EyesClosed_acq-pre_eeg.edf,6a558cd5852503e66df9ac7fdac2f3a7f4ed5f12,1.0.3,23936896,e1cfc75612df4b9b85f58eb1ab3e7f0da33a88c8fdab09db11f3da6bfe93671d,184,184.0,184,1.0,16896,,True,65,1000,1000.0,FCz,64,64,True,True,True,True,1,ONLY-INITIAL-BOUNDARY,True,False,False,True,True,,ASSESSED-TIME-DOMAIN-ONLY,True,True,42,111111111111111111111111111111111111111111,,200,200,200,True,True,
sub-561,sub-561/ses-1/eeg/sub-561_ses-1_task-EyesClosed_acq-pre_eeg.edf,6a558cd5852503e66df9ac7fdac2f3a7f4ed5f12,1.0.3,23936896,f45a4be2980e699703be7319074091e322ceb6da4bfcf9a19a616f1dd58459d2,184,184.0,184,1.0,16896,,True,65,1000,1000.0,FCz,64,64,True,True,True,True,1,ONLY-INITIAL-BOUNDARY,True,False,False,True,True,,ASSESSED-TIME-DOMAIN-ONLY,True,True,42,111111111111111111111111111111111111111111,,200,200,200,True,True,
sub-562,sub-562/ses-1/eeg/sub-562_ses-1_task-EyesClosed_acq-pre_eeg.edf,6a558cd5852503e66df9ac7fdac2f3a7f4ed5f12,1.0.3,23806896,e8d7692ff320ced8c526e6a13d3e2a81f4c22eafa89a008504b252920fd95638,183,183.0,183,1.0,16896,,True,65,1000,1000.0,FCz,64,64,True,True,True,True,1,ONLY-INITIAL-BOUNDARY,True,False,False,True,True,,ASSESSED-TIME-DOMAIN-ONLY,True,True,42,111111111111111111111111111111111111111111,,200,200,200,True,True,
sub-563,sub-563/ses-1/eeg/sub-563_ses-1_task-EyesClosed_acq-pre_eeg.edf,6a558cd5852503e66df9ac7fdac2f3a7f4ed5f12,1.0.3,24326896,89bd921967bad6ad6f1298190e2a6eb9cbd6ad7b8c51eabf45f096aa7cd8f208,187,187.0,187,1.0,16896,,True,65,1000,1000.0,FCz,64,64,True,True,True,True,1,ONLY-INITIAL-BOUNDARY,True,False,False,True,True,,ASSESSED-TIME-DOMAIN-ONLY,True,True,42,111111111111111111111111111111111111111111,,200,200,200,True,True,
sub-564,sub-564/ses-1/eeg/sub-564_ses-1_task-EyesClosed_acq-pre_eeg.edf,6a558cd5852503e66df9ac7fdac2f3a7f4ed5f12,1.0.3,24066896,496bb69daae1612f78e65e46334907ccd95e04e0808c5d5e830d3dc04193f214,185,185.0,185,1.0,16896,,True,65,1000,1000.0,FCz,64,64,True,True,True,True,1,ONLY-INITIAL-BOUNDARY,True,False,False,True,True,,ASSESSED-TIME-DOMAIN-ONLY,True,True,42,111111111111111111111111111111111111111111,,200,200,200,True,True,
sub-565,sub-565/ses-1/eeg/sub-565_ses-1_task-EyesClosed_acq-pre_eeg.edf,6a558cd5852503e66df9ac7fdac2f3a7f4ed5f12,1.0.3,29396896,28dec5a5c11dc7dc997c6777cce566badaba64ac55fd759a4fc9c2a34b62e743,226,226.0,226,1.0,16896,,True,65,1000,1000.0,FCz,64,64,True,True,True,True,2,USB-DISCONNECT-ANNOTATION,True,True,False,True,False,usb_disconnect_annotation,NOT-ASSESSED-STRUCTURAL-FAIL,False,False,,,,,,,False,False,usb_disconnect_annotation
sub-566,sub-566/ses-1/eeg/sub-566_ses-1_task-EyesClosed_acq-pre_eeg.edf,6a558cd5852503e66df9ac7fdac2f3a7f4ed5f12,1.0.3,24066896,3e21b25476f649193f2f2fe32f37306eaaa485dbc0d1266dde2aaa8518d1544f,184,185.0,185,1.0,16896,,True,65,1000,1000.0,FCz,64,64,True,True,True,True,1,ONLY-INITIAL-BOUNDARY,True,False,False,True,True,,ASSESSED-TIME-DOMAIN-ONLY,True,True,42,111111111111111111111111111111111111111111,,200,200,200,True,True,
sub-567,sub-567/ses-1/eeg/sub-567_ses-1_task-EyesClosed_acq-pre_eeg.edf,6a558cd5852503e66df9ac7fdac2f3a7f4ed5f12,1.0.3,23806896,f51f289fc2aef30d43820335e21751bfe6854aa45de54018cf3f622c956f4d27,183,183.0,183,1.0,16896,,True,65,1000,1000.0,FCz,64,64,True,True,True,True,1,ONLY-INITIAL-BOUNDARY,True,False,False,True,True,,ASSESSED-TIME-DOMAIN-ONLY,True,True,42,111111111111111111111111111111111111111111,,200,200,200,True,True,
sub-568,sub-568/ses-1/eeg/sub-568_ses-1_task-EyesClosed_acq-pre_eeg.edf,6a558cd5852503e66df9ac7fdac2f3a7f4ed5f12,1.0.3,23936896,1d4d70f86ecd128da00f70f957452cd6b79b2906e9d551e3a02408ae840bd8f1,183,184.0,184,1.0,16896,,True,65,1000,1000.0,FCz,64,64,True,True,True,True,1,ONLY-INITIAL-BOUNDARY,True,False,False,True,True,,ASSESSED-TIME-DOMAIN-ONLY,True,True,42,111111111111111111111111111111111111111111,,200,200,200,True,True,
sub-569,sub-569/ses-1/eeg/sub-569_ses-1_task-EyesClosed_acq-pre_eeg.edf,6a558cd5852503e66df9ac7fdac2f3a7f4ed5f12,1.0.3,23806896,137f0cc5dd6405f1adff2d95d8734f6ce6f3b3ad449af4e2e071f91c67c310ce,182,183.0,183,1.0,16896,,True,65,1000,1000.0,FCz,64,64,True,True,True,True,1,ONLY-INITIAL-BOUNDARY,True,False,False,True,True,,ASSESSED-TIME-DOMAIN-ONLY,True,True,42,111111111111111111111111111111111111111111,,200,200,200,True,True,
sub-570,sub-570/ses-1/eeg/sub-570_ses-1_task-EyesClosed_acq-pre_eeg.edf,6a558cd5852503e66df9ac7fdac2f3a7f4ed5f12,1.0.3,23676896,d9e5f9b8dd69935fbcf2250625a509b9519173128a0220ad2d8572642f2d8caf,182,182.0,182,1.0,16896,,True,65,1000,1000.0,FCz,64,64,True,True,True,True,1,ONLY-INITIAL-BOUNDARY,True,False,False,True,True,,ASSESSED-TIME-DOMAIN-ONLY,True,True,42,111111111111111111111111111111111111111111,,200,200,200,True,True,
sub-571,sub-571/ses-1/eeg/sub-571_ses-1_task-EyesClosed_acq-pre_eeg.edf,6a558cd5852503e66df9ac7fdac2f3a7f4ed5f12,1.0.3,23806896,b29af2f932d95631a13ad45b499bbd8e04a7d5f7ffa0fc8e82124a60b5001e41,183,183.0,183,1.0,16896,,True,65,1000,1000.0,FCz,64,64,True,True,True,True,1,ONLY-INITIAL-BOUNDARY,True,False,False,True,True,,ASSESSED-TIME-DOMAIN-ONLY,True,True,42,111111111111111111111111111111111111111111,,200,200,200,True,True,
sub-572,sub-572/ses-1/eeg/sub-572_ses-1_task-EyesClosed_acq-pre_eeg.edf,6a558cd5852503e66df9ac7fdac2f3a7f4ed5f12,1.0.3,24196896,9104729f667a1e24d0a87140b50bc3c326e0f9f28440b0fe46daf93a2d797131,186,186.0,186,1.0,16896,,True,65,1000,1000.0,FCz,64,64,True,True,True,True,1,ONLY-INITIAL-BOUNDARY,True,False,False,True,True,,ASSESSED-TIME-DOMAIN-ONLY,True,True,42,111111111111111111111111111111111111111111,,200,200,200,True,True,
sub-573,sub-573/ses-1/eeg/sub-573_ses-1_task-EyesClosed_acq-pre_eeg.edf,6a558cd5852503e66df9ac7fdac2f3a7f4ed5f12,1.0.3,23806896,aff80cf566577bad9ac09d573ee1140aa094cae4c708fa9d2b8e5291aa04d884,182,183.0,183,1.0,16896,,True,65,1000,1000.0,FCz,64,64,True,True,True,True,1,ONLY-INITIAL-BOUNDARY,True,False,False,True,True,,ASSESSED-TIME-DOMAIN-ONLY,True,True,42,111111111111111111111111111111111111111111,,200,200,200,True,True,
sub-574,sub-574/ses-1/eeg/sub-574_ses-1_task-EyesClosed_acq-pre_eeg.edf,6a558cd5852503e66df9ac7fdac2f3a7f4ed5f12,1.0.3,23936896,4853b24640cca3e0e1bd4c852a4e330393a85ed12f0a413d3b0c92af3425442f,184,184.0,184,1.0,16896,,True,65,1000,1000.0,FCz,64,64,True,True,True,True,1,ONLY-INITIAL-BOUNDARY,True,False,False,True,True,,ASSESSED-TIME-DOMAIN-ONLY,True,True,42,111111111111111111111111111111111111111111,,200,200,200,True,True,
sub-575,sub-575/ses-1/eeg/sub-575_ses-1_task-EyesClosed_acq-pre_eeg.edf,6a558cd5852503e66df9ac7fdac2f3a7f4ed5f12,1.0.3,24716896,8e2f3f3eb3a520fa65039cab151a3fedde9fdcaade410cccddb950f89f828164,189,190.0,190,1.0,16896,,True,65,1000,1000.0,FCz,64,64,True,True,True,True,962,OTHER-TASK-MARKERS,True,False,True,True,False,other_task_markers,NOT-ASSESSED-STRUCTURAL-FAIL,False,False,,,,,,,False,False,other_task_markers
sub-576,sub-576/ses-1/eeg/sub-576_ses-1_task-EyesClosed_acq-pre_eeg.edf,6a558cd5852503e66df9ac7fdac2f3a7f4ed5f12,1.0.3,24196896,9a1ac97bbf0aced88b04dfc9bb3ceca0a54e96596c29c01df5b611ccea07a707,185,186.0,186,1.0,16896,,True,65,1000,1000.0,FCz,64,64,True,True,True,True,1,ONLY-INITIAL-BOUNDARY,True,False,False,True,True,,ASSESSED-TIME-DOMAIN-ONLY,True,True,42,111111111111111111111111111111111111111111,,200,200,200,True,True,
sub-577,sub-577/ses-1/eeg/sub-577_ses-1_task-EyesClosed_acq-pre_eeg.edf,6a558cd5852503e66df9ac7fdac2f3a7f4ed5f12,1.0.3,23806896,2b614fa7898b7faa86c294f7bc0ad91e1a12ad26e58cf781f01e3745cac3bac8,183,183.0,183,1.0,16896,,True,65,1000,1000.0,FCz,64,64,True,True,True,True,1,ONLY-INITIAL-BOUNDARY,True,False,False,True,True,,ASSESSED-TIME-DOMAIN-ONLY,True,True,42,111111111111111111111111111111111111111111,,200,200,200,True,True,
sub-578,sub-578/ses-1/eeg/sub-578_ses-1_task-EyesClosed_acq-pre_eeg.edf,6a558cd5852503e66df9ac7fdac2f3a7f4ed5f12,1.0.3,24586896,1caebca824f93cad027479b4459da628752c4bceb3f56951211a38165a3ee78e,189,189.0,189,1.0,16896,,True,65,1000,1000.0,FCz,64,64,True,True,True,True,1,ONLY-INITIAL-BOUNDARY,True,False,False,True,True,,ASSESSED-TIME-DOMAIN-ONLY,True,True,42,111111111111111111111111111111111111111111,,200,200,200,True,True,
sub-579,sub-579/ses-1/eeg/sub-579_ses-1_task-EyesClosed_acq-pre_eeg.edf,6a558cd5852503e66df9ac7fdac2f3a7f4ed5f12,1.0.3,23806896,9102e1b61e388b3fe3e16d48a835d6a8b9fe9e8f8a59c7b5fea943424dcaccfe,183,183.0,183,1.0,16896,,True,65,1000,1000.0,FCz,64,64,True,True,True,True,117,OTHER-TASK-MARKERS,True,False,True,True,False,other_task_markers,NOT-ASSESSED-STRUCTURAL-FAIL,False,False,,,,,,,False,False,other_task_markers
sub-580,sub-580/ses-1/eeg/sub-580_ses-1_task-EyesClosed_acq-pre_eeg.edf,6a558cd5852503e66df9ac7fdac2f3a7f4ed5f12,1.0.3,23806896,8827dee3135ce1fe902491ff3d06e0e1fdae86e0d6e93d16e7463ea21bfb4bf7,183,183.0,183,1.0,16896,,True,65,1000,1000.0,FCz,64,64,True,True,True,True,1,ONLY-INITIAL-BOUNDARY,True,False,False,True,True,,ASSESSED-TIME-DOMAIN-ONLY,True,True,42,111111111111111111111111111111111111111111,,200,200,200,True,True,
sub-581,sub-581/ses-1/eeg/sub-581_ses-1_task-EyesClosed_acq-pre_eeg.edf,6a558cd5852503e66df9ac7fdac2f3a7f4ed5f12,1.0.3,33036896,5641c377a94c2ed28e2fddd3bb35c8bd0c3c02b4344fa3fb1b97c023d9fc7bac,253,254.0,254,1.0,16896,,True,65,1000,1000.0,FCz,64,64,True,True,True,True,1,ONLY-INITIAL-BOUNDARY,True,False,False,True,True,,ASSESSED-TIME-DOMAIN-ONLY,True,True,42,111111111111111111111111111111111111111111,,200,200,200,True,True,
sub-582,sub-582/ses-1/eeg/sub-582_ses-1_task-EyesClosed_acq-pre_eeg.edf,6a558cd5852503e66df9ac7fdac2f3a7f4ed5f12,1.0.3,24326896,c4d0127708959cf30576889f30d98bb4620d77419839537dcb2bbf8d5b1b47d4,187,187.0,187,1.0,16896,,True,65,1000,1000.0,FCz,64,64,True,True,True,True,949,OTHER-TASK-MARKERS,True,False,True,True,False,other_task_markers,NOT-ASSESSED-STRUCTURAL-FAIL,False,False,,,,,,,False,False,other_task_markers
sub-583,sub-583/ses-1/eeg/sub-583_ses-1_task-EyesClosed_acq-pre_eeg.edf,6a558cd5852503e66df9ac7fdac2f3a7f4ed5f12,1.0.3,24066896,b44fdc78b14c4d1dd31b146a34462f571ae36ecf4005a517d9756265e1566413,185,185.0,185,1.0,16896,,True,65,1000,1000.0,FCz,64,64,True,True,True,True,1,ONLY-INITIAL-BOUNDARY,True,False,False,True,True,,ASSESSED-TIME-DOMAIN-ONLY,True,True,42,111111111111111111111111111111111111111111,,200,200,200,True,True,
sub-584,sub-584/ses-1/eeg/sub-584_ses-1_task-EyesClosed_acq-pre_eeg.edf,6a558cd5852503e66df9ac7fdac2f3a7f4ed5f12,1.0.3,23806896,7ad0899b7faa7d4d7f13e4515e9a7838500d86177092d92866e121143d9c3754,183,183.0,183,1.0,16896,,True,65,1000,1000.0,FCz,64,64,True,True,True,True,1,ONLY-INITIAL-BOUNDARY,True,False,False,True,True,,ASSESSED-TIME-DOMAIN-ONLY,True,True,42,111111111111111111111111111111111111111111,,200,200,200,True,True,
sub-585,sub-585/ses-1/eeg/sub-585_ses-1_task-EyesClosed_acq-pre_eeg.edf,6a558cd5852503e66df9ac7fdac2f3a7f4ed5f12,1.0.3,24196896,ea2c7914094e9ad85b78c05ecfcae86b31f61eaff55fed9ebe9e23987ae39246,186,186.0,186,1.0,16896,,True,65,1000,1000.0,FCz,64,64,True,True,True,True,1,ONLY-INITIAL-BOUNDARY,True,False,False,True,True,,ASSESSED-TIME-DOMAIN-ONLY,True,True,42,111111111111111111111111111111111111111111,,200,200,200,True,True,
sub-586,sub-586/ses-1/eeg/sub-586_ses-1_task-EyesClosed_acq-pre_eeg.edf,6a558cd5852503e66df9ac7fdac2f3a7f4ed5f12,1.0.3,23936896,497404046d9719fbe268afcf10de5630bb2ee80a2daef9b69b6be50669ead0b1,184,184.0,184,1.0,16896,,True,65,1000,1000.0,FCz,64,64,True,True,True,True,1,ONLY-INITIAL-BOUNDARY,True,False,False,True,True,,ASSESSED-TIME-DOMAIN-ONLY,True,True,42,111111111111111111111111111111111111111111,,200,200,200,True,True,
sub-587,sub-587/ses-1/eeg/sub-587_ses-1_task-EyesClosed_acq-pre_eeg.edf,6a558cd5852503e66df9ac7fdac2f3a7f4ed5f12,1.0.3,23936896,60ddba8c970d4a9e8f14e1eca9edb2f98b41d77d478ee60a1d8f6765a060c979,184,184.0,184,1.0,16896,,True,65,1000,1000.0,FCz,64,64,True,True,True,True,1,ONLY-INITIAL-BOUNDARY,True,False,False,True,True,,ASSESSED-TIME-DOMAIN-ONLY,True,True,42,111111111111111111111111111111111111111111,,200,200,200,True,True,
sub-588,sub-588/ses-1/eeg/sub-588_ses-1_task-EyesClosed_acq-pre_eeg.edf,6a558cd5852503e66df9ac7fdac2f3a7f4ed5f12,1.0.3,24326896,3474d73452b70f14a33d00ad3f62d73135cc2ac42649451ae00d6e751d78184d,186,187.0,187,1.0,16896,,True,65,1000,1000.0,FCz,64,64,True,True,True,True,1,ONLY-INITIAL-BOUNDARY,True,False,False,True,True,,ASSESSED-TIME-DOMAIN-ONLY,True,True,42,111111111111111111111111111111111111111111,,200,200,200,True,True,
sub-589,sub-589/ses-1/eeg/sub-589_ses-1_task-EyesClosed_acq-pre_eeg.edf,6a558cd5852503e66df9ac7fdac2f3a7f4ed5f12,1.0.3,23676896,02a6fbd68e18afaab1c57b2614c6d8cbfc576f0fda81eb503ccb6bf0efdf2e82,181,182.0,182,1.0,16896,,True,65,1000,1000.0,FCz,64,64,True,True,True,True,1,ONLY-INITIAL-BOUNDARY,True,False,False,True,True,,ASSESSED-TIME-DOMAIN-ONLY,True,True,42,111111111111111111111111111111111111111111,,200,200,200,True,True,
sub-590,sub-590/ses-1/eeg/sub-590_ses-1_task-EyesClosed_acq-pre_eeg.edf,6a558cd5852503e66df9ac7fdac2f3a7f4ed5f12,1.0.3,23806896,951a75446dd2dc6e80cd3ba5c894a389c4cd24ca4f1f88331b4d2fd45eaedaa3,182,183.0,183,1.0,16896,,True,65,1000,1000.0,FCz,64,64,True,True,True,True,925,OTHER-TASK-MARKERS,True,False,True,True,False,other_task_markers,NOT-ASSESSED-STRUCTURAL-FAIL,False,False,,,,,,,False,False,other_task_markers
sub-591,sub-591/ses-1/eeg/sub-591_ses-1_task-EyesClosed_acq-pre_eeg.edf,6a558cd5852503e66df9ac7fdac2f3a7f4ed5f12,1.0.3,24196896,dcb9acd5e9ff2b6ccb9f5d32b77e6170247f7620263e2aa8c622058a5870a288,185,186.0,186,1.0,16896,,True,65,1000,1000.0,FCz,64,64,True,True,True,True,1,ONLY-INITIAL-BOUNDARY,True,False,False,True,True,,ASSESSED-TIME-DOMAIN-ONLY,True,True,42,111111111111111111111111111111111111111111,,200,200,200,True,True,
sub-592,sub-592/ses-1/eeg/sub-592_ses-1_task-EyesClosed_acq-pre_eeg.edf,6a558cd5852503e66df9ac7fdac2f3a7f4ed5f12,1.0.3,23806896,8b4a5b946743d9b64864c10243fcaf90afd55493ca83980c697e7061d370615a,182,183.0,183,1.0,16896,,True,65,1000,1000.0,FCz,64,64,True,True,True,True,1,ONLY-INITIAL-BOUNDARY,True,False,False,True,True,,ASSESSED-TIME-DOMAIN-ONLY,True,True,42,111111111111111111111111111111111111111111,,200,200,200,True,True,
sub-593,sub-593/ses-1/eeg/sub-593_ses-1_task-EyesClosed_acq-pre_eeg.edf,6a558cd5852503e66df9ac7fdac2f3a7f4ed5f12,1.0.3,23936896,b05e768be3e54ba6bc94d4511e0dcd8fd73d2db5bfd84eb4a8cdb6bd99205d7a,183,184.0,184,1.0,16896,,True,65,1000,1000.0,FCz,64,64,True,True,True,True,1,ONLY-INITIAL-BOUNDARY,True,False,False,True,True,,ASSESSED-TIME-DOMAIN-ONLY,True,True,42,111111111111111111111111111111111111111111,,200,200,200,True,True,
sub-594,sub-594/ses-1/eeg/sub-594_ses-1_task-EyesClosed_acq-pre_eeg.edf,6a558cd5852503e66df9ac7fdac2f3a7f4ed5f12,1.0.3,23936896,3a29b1c17c785126975777c45c13a35e2314f4b36dcc19c208a8a9362a7076aa,184,184.0,184,1.0,16896,,True,65,1000,1000.0,FCz,64,64,True,True,True,True,1,ONLY-INITIAL-BOUNDARY,True,False,False,True,True,,ASSESSED-TIME-DOMAIN-ONLY,True,True,42,111111111111111111111111111111111111111111,,200,200,200,True,True,
sub-595,sub-595/ses-1/eeg/sub-595_ses-1_task-EyesClosed_acq-pre_eeg.edf,6a558cd5852503e66df9ac7fdac2f3a7f4ed5f12,1.0.3,23676896,43402666d270befb5f5b9ab9f0b2c54625e9d01860557145aee0d1e477eb9648,182,182.0,182,1.0,16896,,True,65,1000,1000.0,FCz,64,64,True,True,True,True,1,ONLY-INITIAL-BOUNDARY,True,False,False,True,True,,ASSESSED-TIME-DOMAIN-ONLY,True,True,42,111111111111111111111111111111111111111111,,200,200,200,True,True,
sub-596,sub-596/ses-1/eeg/sub-596_ses-1_task-EyesClosed_acq-pre_eeg.edf,6a558cd5852503e66df9ac7fdac2f3a7f4ed5f12,1.0.3,23806896,130bd1043fa08eda42139b7e3ba22d432e0f93ab7a66935bbeae8d353cdd9cf6,182,183.0,183,1.0,16896,,True,65,1000,1000.0,FCz,64,64,True,True,True,True,20,OTHER-TASK-MARKERS,True,False,True,True,False,other_task_markers,NOT-ASSESSED-STRUCTURAL-FAIL,False,False,,,,,,,False,False,other_task_markers
sub-597,sub-597/ses-1/eeg/sub-597_ses-1_task-EyesClosed_acq-pre_eeg.edf,6a558cd5852503e66df9ac7fdac2f3a7f4ed5f12,1.0.3,24196896,eef35904a880a469e1d375c2fc7a50415b9f24267ffe86046fb0b82b1f920f0b,186,186.0,186,1.0,16896,,True,65,1000,1000.0,FCz,64,64,True,True,True,True,1,ONLY-INITIAL-BOUNDARY,True,False,False,True,True,,ASSESSED-TIME-DOMAIN-ONLY,True,True,42,111111111111111111111111111111111111111111,,200,200,200,True,True,
sub-598,sub-598/ses-1/eeg/sub-598_ses-1_task-EyesClosed_acq-pre_eeg.edf,6a558cd5852503e66df9ac7fdac2f3a7f4ed5f12,1.0.3,23806896,2f1e578270da94a78ccc5b696854bcc03a2bffda2ec3a39a94a3db6a768522ca,182,183.0,183,1.0,16896,,True,65,1000,1000.0,FCz,64,64,True,True,True,True,1,ONLY-INITIAL-BOUNDARY,True,False,False,True,True,,ASSESSED-TIME-DOMAIN-ONLY,True,True,42,111111111111111111111111111111111111111111,,200,200,200,True,True,
sub-599,sub-599/ses-1/eeg/sub-599_ses-1_task-EyesClosed_acq-pre_eeg.edf,6a558cd5852503e66df9ac7fdac2f3a7f4ed5f12,1.0.3,24716896,4c6c92346690a86d0034cd89d0e4bf0fb52ddc253ed281a4cc1d844bfc06aa67,190,190.0,190,1.0,16896,,True,65,1000,1000.0,FCz,64,64,True,True,True,True,1,ONLY-INITIAL-BOUNDARY,True,False,False,True,True,,ASSESSED-TIME-DOMAIN-ONLY,True,True,42,111111111111111111111111111111111111111111,,200,200,200,True,True,
sub-600,sub-600/ses-1/eeg/sub-600_ses-1_task-EyesClosed_acq-pre_eeg.edf,6a558cd5852503e66df9ac7fdac2f3a7f4ed5f12,1.0.3,25366896,bcf098e3c942b56e7172b2e4d0dfed8b1895af30c53c12a9c6a7e6e6df820e93,195,195.0,195,1.0,16896,,True,65,1000,1000.0,FCz,64,64,True,True,True,True,1,ONLY-INITIAL-BOUNDARY,True,False,False,True,True,,ASSESSED-TIME-DOMAIN-ONLY,True,True,42,111111111111111111111111111111111111111111,,200,200,200,True,True,
sub-601,sub-601/ses-1/eeg/sub-601_ses-1_task-EyesClosed_acq-pre_eeg.edf,6a558cd5852503e66df9ac7fdac2f3a7f4ed5f12,1.0.3,24326896,55853e7eda5f2300072968fe24e330f492cdf83e96a36816a3f85403ceb9d086,186,187.0,187,1.0,16896,,True,65,1000,1000.0,FCz,64,64,True,True,True,True,1,ONLY-INITIAL-BOUNDARY,True,False,False,True,True,,ASSESSED-TIME-DOMAIN-ONLY,True,True,42,111111111111111111111111111111111111111111,,200,200,200,True,True,
sub-602,sub-602/ses-1/eeg/sub-602_ses-1_task-EyesClosed_acq-pre_eeg.edf,6a558cd5852503e66df9ac7fdac2f3a7f4ed5f12,1.0.3,26926896,09709faa446410887d6921f7f29845beb811a2bc363f201adb71ea283394a8e9,206,207.0,207,1.0,16896,,True,65,1000,1000.0,FCz,64,64,True,True,True,True,40,OTHER-TASK-MARKERS,True,False,True,True,False,other_task_markers,NOT-ASSESSED-STRUCTURAL-FAIL,False,False,,,,,,,False,False,other_task_markers
sub-603,sub-603/ses-1/eeg/sub-603_ses-1_task-EyesClosed_acq-pre_eeg.edf,6a558cd5852503e66df9ac7fdac2f3a7f4ed5f12,1.0.3,24196896,9aa8822cd5175cfc1440463e5c028274faf45f88815f2eb7fdf587ca7a782a32,185,186.0,186,1.0,16896,,True,65,1000,1000.0,FCz,64,64,True,True,True,True,1,ONLY-INITIAL-BOUNDARY,True,False,False,True,True,,ASSESSED-TIME-DOMAIN-ONLY,True,True,42,111111111111111111111111111111111111111111,,200,200,200,True,True,
sub-604,sub-604/ses-1/eeg/sub-604_ses-1_task-EyesClosed_acq-pre_eeg.edf,6a558cd5852503e66df9ac7fdac2f3a7f4ed5f12,1.0.3,23936896,c746bcb2497f05d2a998c647c58f9dc8dae20f5ae58a49896a4cb19ba2823201,183,184.0,184,1.0,16896,,True,65,1000,1000.0,FCz,64,64,True,True,True,True,1,ONLY-INITIAL-BOUNDARY,True,False,False,True,True,,ASSESSED-TIME-DOMAIN-ONLY,True,True,39,101111111111111111111111111111111111111001,1:centered_abs_gt_500uV;39:centered_abs_gt_500uV|p2p_gt_1000uV;40:centered_abs_gt_500uV|p2p_gt_1000uV,200,200,200,False,True,
sub-605,sub-605/ses-1/eeg/sub-605_ses-1_task-EyesClosed_acq-pre_eeg.edf,6a558cd5852503e66df9ac7fdac2f3a7f4ed5f12,1.0.3,23806896,4618d1a11fe3d6c35e2b6031d14389e63cd9c719f9a50f881b5e773edc839129,182,183.0,183,1.0,16896,,True,65,1000,1000.0,FCz,64,64,True,True,True,True,1,ONLY-INITIAL-BOUNDARY,True,False,False,True,True,,ASSESSED-TIME-DOMAIN-ONLY,True,True,42,111111111111111111111111111111111111111111,,200,200,200,True,True,
sub-606,sub-606/ses-1/eeg/sub-606_ses-1_task-EyesClosed_acq-pre_eeg.edf,6a558cd5852503e66df9ac7fdac2f3a7f4ed5f12,1.0.3,23936896,c5ebeb2b62fecf399b7e3cd8acb1ea9415fd40a6985498aaa78998f1f89b4678,183,184.0,184,1.0,16896,,True,65,1000,1000.0,FCz,64,64,True,True,True,True,1,ONLY-INITIAL-BOUNDARY,True,False,False,True,True,,ASSESSED-TIME-DOMAIN-ONLY,True,True,42,111111111111111111111111111111111111111111,,200,200,200,True,True,
sub-607,sub-607/ses-1/eeg/sub-607_ses-1_task-EyesClosed_acq-pre_eeg.edf,6a558cd5852503e66df9ac7fdac2f3a7f4ed5f12,1.0.3,23936896,d9225428654aaa3f024bfda9fd76cfaadf0596b0988d08b8052411eeeb762155,184,184.0,184,1.0,16896,,True,65,1000,1000.0,FCz,64,64,True,True,True,True,1,ONLY-INITIAL-BOUNDARY,True,False,False,True,True,,ASSESSED-TIME-DOMAIN-ONLY,True,True,42,111111111111111111111111111111111111111111,,200,200,200,True,True,
sub-608,sub-608/ses-1/eeg/sub-608_ses-1_task-EyesClosed_acq-pre_eeg.edf,6a558cd5852503e66df9ac7fdac2f3a7f4ed5f12,1.0.3,23806896,dec3d7a00332ef1fa90b2d82b46628219dec9de4e02f2486e7baaace8a28135d,183,183.0,183,1.0,16896,,True,65,1000,1000.0,FCz,64,64,True,True,True,True,2,USB-DISCONNECT-ANNOTATION,True,True,False,True,False,usb_disconnect_annotation,NOT-ASSESSED-STRUCTURAL-FAIL,False,False,,,,,,,False,False,usb_disconnect_annotation
